epoch,step,time_forward,train_loss,valid_loss
0,6,,,10731.0400390625
0,6,0.811418354511261,10592.84765625,
1,13,,,10488.9921875
1,13,0.8125007152557373,10206.373046875,
2,20,,,10437.7158203125
2,20,0.8163247108459473,10079.32421875,
3,27,,,10428.6376953125
3,27,0.8152210712432861,10052.7109375,
4,34,,,10419.7158203125
4,34,0.8166620135307312,10044.0458984375,
5,41,,,10413.396484375
5,41,0.8161630630493164,10031.0771484375,
6,48,,,10407.9208984375
6,48,0.8176477551460266,10024.638671875,
7,55,,,10405.9521484375
7,55,0.8152395486831665,10021.8828125,
8,62,,,10411.8779296875
8,62,0.8163602352142334,10020.7958984375,
9,69,,,10411.9521484375
9,69,0.816723108291626,10027.9580078125,
10,76,,,10406.998046875
10,76,0.8163654208183289,10022.673828125,
11,83,,,10407.876953125
11,83,0.8187809586524963,10020.7509765625,
12,90,,,10410.322265625
12,90,0.8173543214797974,10019.6376953125,
13,97,,,10413.92578125
13,97,0.815394937992096,10027.029296875,
14,104,,,10407.396484375
14,104,0.8139984607696533,10021.7216796875,
15,111,,,10408.7275390625
15,111,0.8202957510948181,10019.173828125,
16,118,,,10405.072265625
16,118,0.8191825151443481,10018.103515625,
17,125,,,10406.8740234375
17,125,0.8166561126708984,10020.19140625,
18,132,,,10404.74609375
18,132,0.8177670836448669,10019.2685546875,
19,139,,,10406.5078125
19,139,0.8148882985115051,10017.4599609375,
20,146,,,10411.1298828125
20,146,0.8199401497840881,10018.26953125,
21,153,,,10403.7802734375
21,153,0.8196621537208557,10017.4580078125,
22,160,,,10408.4736328125
22,160,0.8189772367477417,10018.505859375,
23,167,,,10401.419921875
23,167,0.8198729157447815,10017.9462890625,
24,174,,,10401.392578125
24,174,0.8172711730003357,10015.7158203125,
25,181,,,10404.587890625
25,181,0.8167778849601746,10015.021484375,
26,188,,,10403.73046875
26,188,0.8158037662506104,10015.5771484375,
27,195,,,10415.158203125
27,195,0.8177961707115173,10027.0751953125,
28,202,,,10445.0380859375
28,202,0.809127688407898,10029.94921875,
29,209,,,10424.18359375
29,209,0.818253219127655,10042.1435546875,
30,216,,,10412.7763671875
30,216,0.8175958395004272,10032.64453125,
31,223,,,10411.25
31,223,0.8237757682800293,10025.5166015625,
32,230,,,10433.423828125
32,230,0.8183525204658508,10025.8564453125,
33,237,,,10411.6240234375
33,237,0.81619793176651,10025.384765625,
34,244,,,10406.4716796875
34,244,0.8170591592788696,10019.951171875,
35,251,,,10408.580078125
35,251,0.8188082575798035,10019.2744140625,
36,258,,,10413.037109375
36,258,0.8187285661697388,10018.8779296875,
37,265,,,10406.900390625
37,265,0.8203374147415161,10018.453125,
38,272,,,10406.744140625
38,272,0.8160170316696167,10018.556640625,
39,279,,,10403.658203125
39,279,0.8185487985610962,10017.591796875,
40,286,,,10417.5498046875
40,286,0.8181228041648865,10020.001953125,
41,293,,,10407.48828125
41,293,0.819105863571167,10024.732421875,
42,300,,,10403.5
42,300,0.8151222467422485,10020.6240234375,
43,307,,,10406.923828125
43,307,0.8168346881866455,10018.2451171875,
44,314,,,10426.654296875
44,314,0.8199442625045776,10028.2021484375,
45,321,,,10420.9423828125
45,321,0.8161008358001709,10034.6201171875,
46,328,,,10418.025390625
46,328,0.8187689781188965,10030.1455078125,
47,335,,,10411.984375
47,335,0.8185423612594604,10025.611328125,
48,342,,,10403.40625
48,342,0.818422257900238,10023.208984375,
49,349,,,10419.154296875
49,349,0.8190757632255554,10022.111328125,
50,356,,,10406.23828125
50,356,0.8208731412887573,10022.76953125,
51,363,,,10407.3740234375
51,363,0.8170041441917419,10019.251953125,
52,370,,,10411.66015625
52,370,0.8192664384841919,10020.2861328125,
53,377,,,10404.2197265625
53,377,0.8188644051551819,10019.01171875,
54,384,,,10407.7470703125
54,384,0.8184980154037476,10016.4296875,
55,391,,,10405.89453125
55,391,0.8183180689811707,10017.9150390625,
56,398,,,10401.318359375
56,398,0.8190907835960388,10015.912109375,
57,405,,,10405.58203125
57,405,0.8168931007385254,10018.3154296875,
58,412,,,10405.56640625
58,412,0.8200687766075134,10019.173828125,
59,419,,,10408.01953125
59,419,0.8206374049186707,10017.7724609375,
60,426,,,10413.1982421875
60,426,0.8197547197341919,10018.9296875,
61,433,,,10402.1904296875
61,433,0.8224186301231384,10021.65625,
62,440,,,10408.41015625
62,440,0.8202060461044312,10017.296875,
63,447,,,10409.2138671875
63,447,0.8203238248825073,10023.337890625,
64,454,,,10409.162109375
64,454,0.8203920722007751,10020.5888671875,
65,461,,,10405.4755859375
65,461,0.8193069100379944,10018.0869140625,
66,468,,,10414.4638671875
66,468,0.8181483149528503,10022.84765625,
67,475,,,10413.6015625
67,475,0.8192266821861267,10023.779296875,
68,482,,,10424.9296875
68,482,0.8181415796279907,10024.6240234375,
69,489,,,10418.7607421875
69,489,0.8180832266807556,10022.29296875,
70,496,,,10405.9384765625
70,496,0.8198625445365906,10022.9873046875,
71,503,,,10404.0419921875
71,503,0.810407280921936,10021.0888671875,
72,510,,,10409.1103515625
72,510,0.8197315335273743,10019.34765625,
73,517,,,10408.1708984375
73,517,0.8220776319503784,10017.521484375,
74,524,,,10401.4404296875
74,524,0.8193398118019104,10016.9013671875,
75,531,,,10403.4404296875
75,531,0.8176195025444031,10016.765625,
76,538,,,10408.3056640625
76,538,0.820321261882782,10016.001953125,
77,545,,,10404.681640625
77,545,0.8176782727241516,10016.2744140625,
78,552,,,10409.7958984375
78,552,0.8193866610527039,10014.740234375,
79,559,,,10410.3115234375
79,559,0.819456160068512,10018.7216796875,
80,566,,,10408.9443359375
80,566,0.8200684785842896,10017.349609375,
81,573,,,10402.990234375
81,573,0.8170182704925537,10015.3828125,
82,580,,,10402.251953125
82,580,0.8160513639450073,10016.009765625,
83,587,,,10403.5224609375
83,587,0.8158935904502869,10015.9404296875,
84,594,,,10402.7802734375
84,594,0.8221640586853027,10016.7578125,
85,601,,,10405.1572265625
85,601,0.8142061233520508,10016.2138671875,
86,608,,,10405.6064453125
86,608,0.8194842338562012,10017.6669921875,
87,615,,,10409.0361328125
87,615,0.8201436996459961,10023.0,
88,622,,,10408.3232421875
88,622,0.8175444006919861,10023.9814453125,
89,629,,,10405.5537109375
89,629,0.8204818964004517,10019.62890625,
90,636,,,10417.6103515625
90,636,0.8186979293823242,10016.4599609375,
91,643,,,10406.240234375
91,643,0.8187260031700134,10018.7041015625,
92,650,,,10406.931640625
92,650,0.8186944723129272,10016.693359375,
93,657,,,10406.5126953125
93,657,0.8199868202209473,10015.8291015625,
94,664,,,10404.353515625
94,664,0.8210492730140686,10015.412109375,
95,671,,,10406.623046875
95,671,0.8235697150230408,10016.6201171875,
96,678,,,10402.7216796875
96,678,0.8218162655830383,10015.4267578125,
97,685,,,10406.49609375
97,685,0.8218966722488403,10014.373046875,
98,692,,,10404.4443359375
98,692,0.8186653852462769,10014.517578125,
99,699,,,10404.6220703125
99,699,0.8223512768745422,10014.591796875,
100,706,,,10402.240234375
100,706,0.8206875920295715,10014.703125,
101,713,,,10405.2119140625
101,713,0.8179522752761841,10013.79296875,
102,720,,,10402.333984375
102,720,0.82151198387146,10014.02734375,
103,727,,,10403.080078125
103,727,0.8223726749420166,10015.1357421875,
104,734,,,10405.603515625
104,734,0.8215625882148743,10013.8837890625,
105,741,,,10427.150390625
105,741,0.8191362023353577,10017.4951171875,
106,748,,,10405.8984375
106,748,0.8211824893951416,10024.72265625,
107,755,,,10405.4453125
107,755,0.8188645839691162,10019.056640625,
108,762,,,10409.2001953125
108,762,0.8214713335037231,10019.0791015625,
109,769,,,10414.19140625
109,769,0.8214071393013,10023.74609375,
110,776,,,10411.083984375
110,776,0.8211091756820679,10022.0517578125,
111,783,,,10405.8974609375
111,783,0.8225612044334412,10020.62890625,
112,790,,,10405.3623046875
112,790,0.8210081458091736,10018.3623046875,
113,797,,,10407.5576171875
113,797,0.8213913440704346,10019.47265625,
114,804,,,10403.9521484375
114,804,0.8165945410728455,10017.478515625,
115,811,,,10404.7421875
115,811,0.8179153800010681,10016.4150390625,
116,818,,,10408.2841796875
116,818,0.81974196434021,10015.947265625,
117,825,,,10404.517578125
117,825,0.8211411833763123,10017.6171875,
118,832,,,10405.099609375
118,832,0.818095862865448,10016.943359375,
119,839,,,10406.2158203125
119,839,0.8191747665405273,10017.953125,
120,846,,,10404.841796875
120,846,0.8189197778701782,10017.1337890625,
121,853,,,10402.564453125
121,853,0.8223457336425781,10015.9189453125,
122,860,,,10404.654296875
122,860,0.8207023739814758,10018.4599609375,
123,867,,,10415.486328125
123,867,0.8194519877433777,10022.3291015625,
124,874,,,10415.3310546875
124,874,0.8211038112640381,10025.9775390625,
125,881,,,10410.0478515625
125,881,0.8189565539360046,10021.787109375,
126,888,,,10407.646484375
126,888,0.8248513340950012,10018.787109375,
127,895,,,10408.6708984375
127,895,0.8220154047012329,10016.498046875,
128,902,,,10402.7861328125
128,902,0.8128265142440796,10017.4111328125,
129,909,,,10402.984375
129,909,0.8222365379333496,10014.75,
130,916,,,10415.3564453125
130,916,0.8220548033714294,10016.2978515625,
131,923,,,10416.072265625
131,923,0.8217517137527466,10023.2216796875,
132,930,,,10408.5537109375
132,930,0.8216765522956848,10019.6689453125,
133,937,,,10403.2138671875
133,937,0.8233480453491211,10019.28125,
134,944,,,10404.560546875
134,944,0.8211109638214111,10017.26171875,
135,951,,,10409.4599609375
135,951,0.8208991885185242,10016.3046875,
136,958,,,10404.1435546875
136,958,0.822318971157074,10015.126953125,
137,965,,,10399.365234375
137,965,0.8224560618400574,10014.5966796875,
138,972,,,10400.2998046875
138,972,0.8190669417381287,10013.9931640625,
139,979,,,10403.984375
139,979,0.821700930595398,10014.263671875,
140,986,,,10406.69140625
140,986,0.8198275566101074,10014.6630859375,
141,993,,,10403.1943359375
141,993,0.8212340474128723,10014.0888671875,
142,1000,,,10400.9951171875
142,1000,0.8209356069564819,10013.9052734375,
143,1007,,,10405.30078125
143,1007,0.8215388059616089,10013.0751953125,
144,1014,,,10406.3984375
144,1014,0.8213280439376831,10013.6396484375,
145,1021,,,10406.068359375
145,1021,0.8220264911651611,10016.1337890625,
146,1028,,,10405.1962890625
146,1028,0.8128165006637573,10016.953125,
147,1035,,,10407.3515625
147,1035,0.8150279521942139,10016.7578125,
148,1042,,,10404.5380859375
148,1042,0.8167487978935242,10015.8359375,
149,1049,,,10404.1943359375
149,1049,0.8223409056663513,10015.0234375,
150,1056,,,10411.15234375
150,1056,0.8192170262336731,10018.7373046875,
151,1063,,,10448.6640625
151,1063,0.8135080933570862,10030.970703125,
152,1070,,,10416.576171875
152,1070,0.8155701160430908,10035.69140625,
153,1077,,,10418.9140625
153,1077,0.8170730471611023,10031.6337890625,
154,1084,,,10409.748046875
154,1084,0.8335817456245422,10026.5849609375,
155,1091,,,10408.9189453125
155,1091,0.8382131457328796,10024.8095703125,
156,1098,,,10410.5576171875
156,1098,0.8393560647964478,10021.20703125,
157,1105,,,10407.603515625
157,1105,0.8369104266166687,10020.1787109375,
158,1112,,,10405.6552734375
158,1112,0.8336840867996216,10017.873046875,
159,1119,,,10406.349609375
159,1119,0.8391146659851074,10019.673828125,
160,1126,,,10406.8515625
160,1126,0.8360109925270081,10019.15234375,
161,1133,,,10403.31640625
161,1133,0.8375605940818787,10018.1787109375,
162,1140,,,10403.615234375
162,1140,0.8342973589897156,10017.3125,
163,1147,,,10403.10546875
163,1147,0.8338801860809326,10016.037109375,
164,1154,,,10403.443359375
164,1154,0.8344099521636963,10016.5283203125,
165,1161,,,10401.3515625
165,1161,0.8355042338371277,10014.6669921875,
166,1168,,,10401.0380859375
166,1168,0.8370385766029358,10013.8681640625,
167,1175,,,10401.3681640625
167,1175,0.8334834575653076,10011.95703125,
168,1182,,,10398.1220703125
168,1182,0.8379301428794861,10011.90625,
169,1189,,,10402.1123046875
169,1189,0.8363826274871826,10012.3359375,
170,1196,,,10404.4560546875
170,1196,0.8311431407928467,10013.9580078125,
171,1203,,,10405.900390625
171,1203,0.8240746259689331,10015.3603515625,
172,1210,,,10405.001953125
172,1210,0.831716775894165,10016.8994140625,
173,1217,,,10411.08203125
173,1217,0.8326780200004578,10020.2666015625,
174,1224,,,10417.8505859375
174,1224,0.8361243009567261,10029.984375,
175,1231,,,10412.9296875
175,1231,0.8349482417106628,10024.439453125,
176,1238,,,10403.154296875
176,1238,0.8353050947189331,10019.9814453125,
177,1245,,,10406.5234375
177,1245,0.8338094353675842,10017.6611328125,
178,1252,,,10404.2802734375
178,1252,0.8341219425201416,10018.3740234375,
179,1259,,,10406.1923828125
179,1259,0.8204376697540283,10018.6708984375,
180,1266,,,10427.447265625
180,1266,0.8171733617782593,10017.0400390625,
181,1273,,,10411.900390625
181,1273,0.8122721910476685,10028.8642578125,
182,1280,,,10412.0556640625
182,1280,0.8127588033676147,10022.12890625,
183,1287,,,10407.517578125
183,1287,0.8120650053024292,10020.0966796875,
184,1294,,,10407.748046875
184,1294,0.8138296604156494,10017.7158203125,
185,1301,,,10406.353515625
185,1301,0.8147796392440796,10016.7978515625,
186,1308,,,10407.6376953125
186,1308,0.8239037394523621,10017.275390625,
187,1315,,,10401.2080078125
187,1315,0.8305913209915161,10017.0068359375,
188,1322,,,10413.677734375
188,1322,0.8268151879310608,10022.0068359375,
189,1329,,,10411.974609375
189,1329,0.8282300233840942,10029.1826171875,
190,1336,,,10412.68359375
190,1336,0.8350761532783508,10023.6064453125,
191,1343,,,10410.4189453125
191,1343,0.8365896940231323,10021.5712890625,
192,1350,,,10402.912109375
192,1350,0.831673800945282,10018.3798828125,
193,1357,,,10407.5771484375
193,1357,0.8343903422355652,10016.3544921875,
194,1364,,,10422.783203125
194,1364,0.8351940512657166,10021.1708984375,
195,1371,,,10414.896484375
195,1371,0.8377969861030579,10024.6826171875,
196,1378,,,10407.666015625
196,1378,0.832993745803833,10022.7109375,
197,1385,,,10401.833984375
197,1385,0.837993860244751,10018.234375,
198,1392,,,10409.4580078125
198,1392,0.8325263261795044,10017.765625,
199,1399,,,10405.7275390625
199,1399,0.8337863087654114,10019.21875,
200,1406,,,10404.501953125
200,1406,0.8373483419418335,10016.9267578125,
201,1413,,,10420.0576171875
201,1413,0.8381682634353638,10019.6240234375,
202,1420,,,10414.154296875
202,1420,0.8350350260734558,10030.0283203125,
203,1427,,,10406.6943359375
203,1427,0.8388122916221619,10024.935546875,
204,1434,,,10405.0595703125
204,1434,0.8379338979721069,10019.22265625,
205,1441,,,10408.091796875
205,1441,0.836610734462738,10017.244140625,
206,1448,,,10419.0966796875
206,1448,0.8302239775657654,10020.537109375,
207,1455,,,10421.2998046875
207,1455,0.836919367313385,10034.9921875,
208,1462,,,10438.5458984375
208,1462,0.8344903588294983,10042.4267578125,
209,1469,,,10417.935546875
209,1469,0.8355560898780823,10045.2158203125,
210,1476,,,10419.2568359375
210,1476,0.8357992172241211,10032.650390625,
211,1483,,,10407.0224609375
211,1483,0.8364655375480652,10023.4033203125,
212,1490,,,10409.310546875
212,1490,0.8328884840011597,10020.779296875,
213,1497,,,10406.51953125
213,1497,0.8324283361434937,10022.1806640625,
214,1504,,,10405.8056640625
214,1504,0.8254128694534302,10016.94140625,
215,1511,,,10402.0810546875
215,1511,0.8290667533874512,10015.037109375,
216,1518,,,10404.8173828125
216,1518,0.8287111520767212,10014.89453125,
217,1525,,,10405.6201171875
217,1525,0.8306555151939392,10015.779296875,
218,1532,,,10401.5712890625
218,1532,0.8351870179176331,10014.65234375,
219,1539,,,10405.08203125
219,1539,0.8351167440414429,10015.8955078125,
220,1546,,,10409.3818359375
220,1546,0.8314746022224426,10020.1904296875,
221,1553,,,10408.8095703125
221,1553,0.8343760967254639,10021.3701171875,
222,1560,,,10403.8818359375
222,1560,0.8325076103210449,10019.7958984375,
223,1567,,,10403.720703125
223,1567,0.8349002003669739,10016.712890625,
224,1574,,,10400.9404296875
224,1574,0.83600914478302,10018.7451171875,
225,1581,,,10406.1142578125
225,1581,0.8288158774375916,10020.40625,
226,1588,,,10409.6904296875
226,1588,0.8328024744987488,10017.767578125,
227,1595,,,10405.90234375
227,1595,0.8361128568649292,10018.537109375,
228,1602,,,10406.2080078125
228,1602,0.8237990736961365,10016.580078125,
229,1609,,,10401.517578125
229,1609,0.8365436792373657,10016.021484375,
230,1616,,,10403.7783203125
230,1616,0.831706166267395,10015.3359375,
231,1623,,,10406.287109375
231,1623,0.8310536742210388,10017.0361328125,
232,1630,,,10413.26953125
232,1630,0.8303667306900024,10016.21484375,
233,1637,,,10404.646484375
233,1637,0.8360826373100281,10017.2021484375,
234,1644,,,10405.8798828125
234,1644,0.8364261388778687,10016.1650390625,
235,1651,,,10407.693359375
235,1651,0.8371177911758423,10019.3525390625,
236,1658,,,10407.259765625
236,1658,0.8358753323554993,10018.248046875,
237,1665,,,10404.84375
237,1665,0.8287615180015564,10016.4111328125,
238,1672,,,10411.7509765625
238,1672,0.8370808959007263,10015.4033203125,
239,1679,,,10429.984375
239,1679,0.8357843160629272,10028.029296875,
240,1686,,,10412.32421875
240,1686,0.8310849070549011,10027.98828125,
241,1693,,,10411.9541015625
241,1693,0.829581081867218,10022.7626953125,
242,1700,,,10402.599609375
242,1700,0.8333020806312561,10018.8603515625,
243,1707,,,10402.927734375
243,1707,0.8375869989395142,10017.0234375,
244,1714,,,10402.658203125
244,1714,0.8344266414642334,10014.4296875,
245,1721,,,10406.0576171875
245,1721,0.8313624262809753,10014.025390625,
246,1728,,,10403.001953125
246,1728,0.8353455662727356,10015.3740234375,
247,1735,,,10405.330078125
247,1735,0.8338859677314758,10015.9814453125,
248,1742,,,10402.1123046875
248,1742,0.8329456448554993,10014.8759765625,
249,1749,,,10403.419921875
249,1749,0.8365705013275146,10013.3193359375,
250,1756,,,10403.166015625
250,1756,0.8375179767608643,10014.47265625,
251,1763,,,10400.1669921875
251,1763,0.8361445069313049,10013.294921875,
252,1770,,,10404.6669921875
252,1770,0.8305754065513611,10013.1220703125,
253,1777,,,10402.9384765625
253,1777,0.8378211259841919,10014.498046875,
254,1784,,,10408.3837890625
254,1784,0.837202787399292,10014.0869140625,
255,1791,,,10404.7470703125
255,1791,0.8343701958656311,10016.509765625,
256,1798,,,10415.09375
256,1798,0.8310208916664124,10015.111328125,
257,1805,,,10409.1162109375
257,1805,0.8446327447891235,10019.8681640625,
258,1812,,,10408.3994140625
258,1812,0.8326805233955383,10016.603515625,
259,1819,,,10409.9716796875
259,1819,0.8220477104187012,10022.0224609375,
260,1826,,,10404.576171875
260,1826,0.8183501958847046,10018.986328125,
261,1833,,,10404.115234375
261,1833,0.8180931210517883,10015.7041015625,
262,1840,,,10405.666015625
262,1840,0.8231485486030579,10015.0751953125,
263,1847,,,10404.1103515625
263,1847,0.8175156712532043,10017.408203125,
264,1854,,,10414.576171875
264,1854,0.8175204992294312,10020.8466796875,
265,1861,,,10407.9775390625
265,1861,0.8206585049629211,10020.244140625,
266,1868,,,10407.2099609375
266,1868,0.8193305134773254,10018.8798828125,
267,1875,,,10406.9423828125
267,1875,0.8190873265266418,10021.419921875,
268,1882,,,10407.75
268,1882,0.8202845454216003,10019.46484375,
269,1889,,,10406.8671875
269,1889,0.8197050094604492,10017.6640625,
270,1896,,,10410.4560546875
270,1896,0.8226218819618225,10017.556640625,
271,1903,,,10403.8759765625
271,1903,0.8118036389350891,10017.6474609375,
272,1910,,,10401.318359375
272,1910,0.8183720111846924,10013.40234375,
273,1917,,,10421.3515625
273,1917,0.8189472556114197,10019.8994140625,
274,1924,,,10408.759765625
274,1924,0.8187375664710999,10023.1318359375,
275,1931,,,10407.1943359375
275,1931,0.8215293288230896,10019.8681640625,
276,1938,,,10417.5
276,1938,0.8192359209060669,10020.23046875,
277,1945,,,10405.8837890625
277,1945,0.8158089518547058,10019.189453125,
278,1952,,,10400.658203125
278,1952,0.8177526593208313,10016.4375,
279,1959,,,10405.5400390625
279,1959,0.814673900604248,10014.662109375,
280,1966,,,10408.7177734375
280,1966,0.8240535259246826,10016.4375,
281,1973,,,10416.890625
281,1973,0.8349748253822327,10022.1669921875,
282,1980,,,10420.505859375
282,1980,0.8353739976882935,10028.8095703125,
283,1987,,,10426.7314453125
283,1987,0.8325647115707397,10035.2138671875,
284,1994,,,10407.2939453125
284,1994,0.8327769041061401,10029.2265625,
285,2001,,,10405.591796875
285,2001,0.8240564465522766,10021.7958984375,
286,2008,,,10408.791015625
286,2008,0.8322726488113403,10018.6103515625,
287,2015,,,10403.041015625
287,2015,0.8313716650009155,10016.6357421875,
288,2022,,,10402.072265625
288,2022,0.8333477973937988,10014.98828125,
289,2029,,,10409.0966796875
289,2029,0.8346279859542847,10014.9775390625,
290,2036,,,10406.1708984375
290,2036,0.8320987224578857,10019.591796875,
291,2043,,,10402.0537109375
291,2043,0.832394540309906,10015.3759765625,
292,2050,,,10404.7919921875
292,2050,0.8334498405456543,10013.9345703125,
293,2057,,,10416.154296875
293,2057,0.8318374156951904,10020.115234375,
294,2064,,,10408.56640625
294,2064,0.8322265148162842,10021.548828125,
295,2071,,,10411.01953125
295,2071,0.8311359882354736,10017.7861328125,
296,2078,,,10403.1708984375
296,2078,0.831898033618927,10017.1083984375,
297,2085,,,10406.4462890625
297,2085,0.8323979377746582,10015.15234375,
298,2092,,,10437.0224609375
298,2092,0.8337493538856506,10019.7314453125,
299,2099,,,10429.1298828125
299,2099,0.8315584659576416,10049.0234375,
300,2106,,,10417.8857421875
300,2106,0.8340808153152466,10033.0283203125,
301,2113,,,10407.1689453125
301,2113,0.8332791328430176,10022.7724609375,
302,2120,,,10407.3681640625
302,2120,0.8327039480209351,10018.89453125,
303,2127,,,10404.240234375
303,2127,0.8331714272499084,10017.70703125,
304,2134,,,10403.66015625
304,2134,0.8339871168136597,10014.23046875,
305,2141,,,10401.4755859375
305,2141,0.8330182433128357,10014.291015625,
306,2148,,,10402.412109375
306,2148,0.832679271697998,10014.1142578125,
307,2155,,,10404.767578125
307,2155,0.8290128707885742,10014.4580078125,
308,2162,,,10402.154296875
308,2162,0.8330199718475342,10014.7109375,
309,2169,,,10404.4921875
309,2169,0.8284449577331543,10014.2021484375,
310,2176,,,10400.453125
310,2176,0.8295689225196838,10013.931640625,
311,2183,,,10404.2275390625
311,2183,0.8297367095947266,10016.3828125,
312,2190,,,10414.2236328125
312,2190,0.8312575817108154,10016.009765625,
313,2197,,,10406.6494140625
313,2197,0.8302344083786011,10017.2041015625,
314,2204,,,10403.9765625
314,2204,0.8251197338104248,10015.72265625,
315,2211,,,10412.4345703125
315,2211,0.8307474255561829,10022.7138671875,
316,2218,,,10410.6220703125
316,2218,0.8324950337409973,10025.708984375,
317,2225,,,10423.802734375
317,2225,0.8304797410964966,10030.126953125,
318,2232,,,10456.705078125
318,2232,0.8336448669433594,10034.208984375,
319,2239,,,10427.3193359375
319,2239,0.8318979144096375,10046.048828125,
320,2246,,,10415.6943359375
320,2246,0.8298637270927429,10035.908203125,
321,2253,,,10415.896484375
321,2253,0.830826461315155,10032.6064453125,
322,2260,,,10408.767578125
322,2260,0.8292683362960815,10029.6435546875,
323,2267,,,10407.505859375
323,2267,0.8261739015579224,10022.4169921875,
324,2274,,,10416.84375
324,2274,0.8303036689758301,10024.990234375,
325,2281,,,10414.373046875
325,2281,0.8293644189834595,10023.337890625,
326,2288,,,10404.1142578125
326,2288,0.8304410576820374,10021.3544921875,
327,2295,,,10408.1015625
327,2295,0.8311871290206909,10024.39453125,
328,2302,,,10408.1025390625
328,2302,0.8188497424125671,10018.419921875,
329,2309,,,10404.9345703125
329,2309,0.8292521238327026,10017.3359375,
330,2316,,,10422.095703125
330,2316,0.8297557830810547,10016.62890625,
331,2323,,,10414.080078125
331,2323,0.8277682662010193,10036.533203125,
332,2330,,,10421.068359375
332,2330,0.8289194703102112,10023.1923828125,
333,2337,,,10419.8203125
333,2337,0.8315966129302979,10029.3291015625,
334,2344,,,10428.67578125
334,2344,0.8287999629974365,10030.986328125,
335,2351,,,10414.76171875
335,2351,0.8310208916664124,10033.0732421875,
336,2358,,,10429.716796875
336,2358,0.8303122520446777,10025.640625,
337,2365,,,10411.0068359375
337,2365,0.8301764726638794,10028.3271484375,
338,2372,,,10414.1005859375
338,2372,0.8301586508750916,10022.736328125,
339,2379,,,10408.484375
339,2379,0.8311970233917236,10022.953125,
340,2386,,,10427.4052734375
340,2386,0.8292477130889893,10020.1083984375,
341,2393,,,10408.5390625
341,2393,0.8284549713134766,10025.2861328125,
342,2400,,,10408.841796875
342,2400,0.8286617994308472,10019.2431640625,
343,2407,,,10406.3212890625
343,2407,0.8314577341079712,10018.068359375,
344,2414,,,10405.625
344,2414,0.8331737518310547,10017.001953125,
345,2421,,,10402.736328125
345,2421,0.8292966485023499,10014.486328125,
346,2428,,,10402.076171875
346,2428,0.8307604193687439,10014.091796875,
347,2435,,,10403.1376953125
347,2435,0.8316905498504639,10013.6640625,
348,2442,,,10401.7587890625
348,2442,0.8320870995521545,10013.431640625,
349,2449,,,10400.486328125
349,2449,0.8313106298446655,10013.462890625,
350,2456,,,10400.814453125
350,2456,0.8304458856582642,10013.08203125,
351,2463,,,10400.173828125
351,2463,0.831248939037323,10012.6591796875,
352,2470,,,10402.74609375
352,2470,0.8328589200973511,10012.689453125,
353,2477,,,10406.6474609375
353,2477,0.8296958804130554,10013.9130859375,
354,2484,,,10405.46484375
354,2484,0.8303732872009277,10012.859375,
355,2491,,,10400.1591796875
355,2491,0.8311172723770142,10012.4365234375,
356,2498,,,10400.681640625
356,2498,0.8304730653762817,10011.6591796875,
357,2505,,,10402.2158203125
357,2505,0.8309447765350342,10013.4140625,
358,2512,,,10403.31640625
358,2512,0.821364164352417,10014.232421875,
359,2519,,,10401.1708984375
359,2519,0.8138370513916016,10013.3359375,
360,2526,,,10397.912109375
360,2526,0.8140138387680054,10012.28125,
361,2533,,,10405.7275390625
361,2533,0.8126980066299438,10012.8193359375,
362,2540,,,10402.7421875
362,2540,0.8159197568893433,10014.7490234375,
363,2547,,,10404.6123046875
363,2547,0.8154485821723938,10014.412109375,
364,2554,,,10404.90625
364,2554,0.8129821419715881,10014.791015625,
365,2561,,,10438.9541015625
365,2561,0.8154487609863281,10015.8291015625,
366,2568,,,10411.2333984375
366,2568,0.8144474029541016,10034.8212890625,
367,2575,,,10409.337890625
367,2575,0.8110795617103577,10025.51171875,
368,2582,,,10410.599609375
368,2582,0.8137043714523315,10025.6240234375,
369,2589,,,10421.845703125
369,2589,0.8149771690368652,10026.9345703125,
370,2596,,,10420.765625
370,2596,0.8130744099617004,10028.5771484375,
371,2603,,,10404.7822265625
371,2603,0.8091802000999451,10024.6171875,
372,2610,,,10415.662109375
372,2610,0.8160679936408997,10031.548828125,
373,2617,,,10406.1376953125
373,2617,0.8140488266944885,10021.6123046875,
374,2624,,,10404.404296875
374,2624,0.8157811164855957,10016.7783203125,
375,2631,,,10412.7080078125
375,2631,0.8154480457305908,10020.958984375,
376,2638,,,10404.513671875
376,2638,0.8141770958900452,10022.2421875,
377,2645,,,10405.197265625
377,2645,0.8181362748146057,10019.90625,
378,2652,,,10414.865234375
378,2652,0.8161411881446838,10019.859375,
379,2659,,,10410.9462890625
379,2659,0.8143242001533508,10018.0517578125,
380,2666,,,10401.19921875
380,2666,0.8148429989814758,10017.1220703125,
381,2673,,,10413.7587890625
381,2673,0.8142246007919312,10016.9248046875,
382,2680,,,10405.8583984375
382,2680,0.8152312636375427,10015.279296875,
383,2687,,,10408.19921875
383,2687,0.8157494068145752,10016.626953125,
384,2694,,,10405.060546875
384,2694,0.8163762092590332,10014.2265625,
385,2701,,,10401.3818359375
385,2701,0.8190560936927795,10014.8349609375,
386,2708,,,10408.3154296875
386,2708,0.8153436779975891,10014.744140625,
387,2715,,,10406.8583984375
387,2715,0.8150315284729004,10015.9326171875,
388,2722,,,10406.3984375
388,2722,0.816493570804596,10015.826171875,
389,2729,,,10403.74609375
389,2729,0.8158795833587646,10015.4951171875,
390,2736,,,10406.013671875
390,2736,0.8141306638717651,10018.462890625,
391,2743,,,10405.015625
391,2743,0.8180070519447327,10014.232421875,
392,2750,,,10406.896484375
392,2750,0.8158021569252014,10015.423828125,
393,2757,,,10405.09375
393,2757,0.8154692053794861,10015.228515625,
394,2764,,,10400.658203125
394,2764,0.8121735453605652,10013.7109375,
395,2771,,,10400.685546875
395,2771,0.8171061277389526,10014.0693359375,
396,2778,,,10400.3056640625
396,2778,0.8163525462150574,10012.9482421875,
397,2785,,,10404.4443359375
397,2785,0.8153601884841919,10014.4580078125,
398,2792,,,10399.49609375
398,2792,0.8147339224815369,10014.533203125,
399,2799,,,10401.0078125
399,2799,0.8159844279289246,10012.4482421875,
400,2806,,,10405.1064453125
400,2806,0.8163121342658997,10011.6005859375,
401,2813,,,10400.0107421875
401,2813,0.8122153282165527,10011.1650390625,
402,2820,,,10401.505859375
402,2820,0.8115276098251343,10010.1953125,
403,2827,,,10400.3984375
403,2827,0.813720703125,10010.533203125,
404,2834,,,10401.5400390625
404,2834,0.8146706819534302,10011.2041015625,
405,2841,,,10407.1142578125
405,2841,0.8127538561820984,10017.478515625,
406,2848,,,10408.4423828125
406,2848,0.8126709461212158,10017.32421875,
407,2855,,,10400.162109375
407,2855,0.8114715218544006,10015.220703125,
408,2862,,,10405.7177734375
408,2862,0.810697615146637,10017.22265625,
409,2869,,,10403.0146484375
409,2869,0.8112175464630127,10013.9345703125,
410,2876,,,10403.7587890625
410,2876,0.8183026313781738,10012.650390625,
411,2883,,,10403.08984375
411,2883,0.8169692754745483,10016.7158203125,
412,2890,,,10401.158203125
412,2890,0.8158390522003174,10015.10546875,
413,2897,,,10401.33203125
413,2897,0.8175122737884521,10012.373046875,
414,2904,,,10408.236328125
414,2904,0.8108312487602234,10014.76171875,
415,2911,,,10406.50390625
415,2911,0.8133322596549988,10017.76171875,
416,2918,,,10405.3212890625
416,2918,0.8153309226036072,10014.9462890625,
417,2925,,,10408.0859375
417,2925,0.814113438129425,10020.603515625,
418,2932,,,10403.091796875
418,2932,0.8139004707336426,10016.09375,
419,2939,,,10399.5703125
419,2939,0.8160724639892578,10013.232421875,
420,2946,,,10401.6142578125
420,2946,0.8161911964416504,10011.2802734375,
421,2953,,,10404.4345703125
421,2953,0.8164957761764526,10015.6337890625,
422,2960,,,10400.7138671875
422,2960,0.8170587420463562,10012.5634765625,
423,2967,,,10413.9599609375
423,2967,0.8136655688285828,10013.23828125,
424,2974,,,10409.0498046875
424,2974,0.8152150511741638,10016.5849609375,
425,2981,,,10400.849609375
425,2981,0.8185743689537048,10014.7138671875,
426,2988,,,10405.4345703125
426,2988,0.8177717924118042,10013.8046875,
427,2995,,,10406.6064453125
427,2995,0.8155519962310791,10015.7041015625,
428,3002,,,10439.1787109375
428,3002,0.8083979487419128,10021.6611328125,
429,3009,,,10433.9326171875
429,3009,0.8116931319236755,10035.4716796875,
430,3016,,,10434.986328125
430,3016,0.8129062056541443,10039.9033203125,
431,3023,,,10426.7978515625
431,3023,0.8145138621330261,10048.6640625,
432,3030,,,10412.6171875
432,3030,0.8148261308670044,10030.521484375,
433,3037,,,10409.736328125
433,3037,0.8127310872077942,10021.87109375,
434,3044,,,10403.666015625
434,3044,0.8141343593597412,10017.21875,
435,3051,,,10402.630859375
435,3051,0.8145068287849426,10016.1044921875,
436,3058,,,10402.935546875
436,3058,0.8154704570770264,10013.9345703125,
437,3065,,,10403.146484375
437,3065,0.8169814944267273,10013.1123046875,
438,3072,,,10408.1865234375
438,3072,0.8172033429145813,10015.1787109375,
439,3079,,,10402.8681640625
439,3079,0.816849410533905,10015.396484375,
440,3086,,,10400.9814453125
440,3086,0.8173131942749023,10013.9833984375,
441,3093,,,10404.1884765625
441,3093,0.8157885074615479,10014.2607421875,
442,3100,,,10404.0439453125
442,3100,0.8152821063995361,10013.4375,
443,3107,,,10404.138671875
443,3107,0.8150478601455688,10014.005859375,
444,3114,,,10402.1337890625
444,3114,0.8164524435997009,10015.220703125,
445,3121,,,10405.662109375
445,3121,0.8155964612960815,10014.2568359375,
446,3128,,,10411.7080078125
446,3128,0.8166787624359131,10013.53515625,
447,3135,,,10400.2666015625
447,3135,0.8166227340698242,10013.1083984375,
448,3142,,,10400.236328125
448,3142,0.8172323703765869,10012.974609375,
449,3149,,,10399.9423828125
449,3149,0.8182622790336609,10013.1337890625,
450,3156,,,10405.7724609375
450,3156,0.8156643509864807,10012.4873046875,
451,3163,,,10399.7919921875
451,3163,0.8165959715843201,10013.08203125,
452,3170,,,10420.6162109375
452,3170,0.8140358924865723,10018.513671875,
453,3177,,,10416.447265625
453,3177,0.8157830238342285,10025.7265625,
454,3184,,,10409.6318359375
454,3184,0.8140602707862854,10027.2919921875,
455,3191,,,10422.275390625
455,3191,0.8130715489387512,10027.3564453125,
456,3198,,,10409.501953125
456,3198,0.8153336644172668,10024.162109375,
457,3205,,,10423.0146484375
457,3205,0.8161413073539734,10037.52734375,
458,3212,,,10446.3603515625
458,3212,0.8177056312561035,10070.1171875,
459,3219,,,10445.6416015625
459,3219,0.8160127401351929,10055.1982421875,
460,3226,,,10416.3623046875
460,3226,0.8153249621391296,10038.3876953125,
461,3233,,,10411.638671875
461,3233,0.8137930631637573,10028.296875,
462,3240,,,10407.572265625
462,3240,0.8164559602737427,10021.353515625,
463,3247,,,10408.0634765625
463,3247,0.8176603317260742,10021.7392578125,
464,3254,,,10411.208984375
464,3254,0.8179018497467041,10022.9990234375,
465,3261,,,10408.2900390625
465,3261,0.815116822719574,10020.443359375,
466,3268,,,10404.4736328125
466,3268,0.8158760070800781,10017.509765625,
467,3275,,,10406.41796875
467,3275,0.8150811195373535,10014.708984375,
468,3282,,,10406.9697265625
468,3282,0.815746009349823,10014.10546875,
469,3289,,,10408.578125
469,3289,0.8171390295028687,10016.1591796875,
470,3296,,,10404.01171875
470,3296,0.8125734925270081,10017.84375,
471,3303,,,10409.4814453125
471,3303,0.8098123073577881,10017.2626953125,
472,3310,,,10403.744140625
472,3310,0.8156053423881531,10019.83203125,
473,3317,,,10404.2119140625
473,3317,0.816242516040802,10015.9609375,
474,3324,,,10407.748046875
474,3324,0.8161571025848389,10015.140625,
475,3331,,,10401.07421875
475,3331,0.8161659240722656,10014.1279296875,
476,3338,,,10412.48828125
476,3338,0.8161734342575073,10013.22265625,
477,3345,,,10408.40234375
477,3345,0.8160718679428101,10019.1103515625,
478,3352,,,10413.08203125
478,3352,0.8135038018226624,10017.763671875,
479,3359,,,10405.2890625
479,3359,0.8143036961555481,10016.7861328125,
480,3366,,,10402.8701171875
480,3366,0.8141260147094727,10014.3896484375,
481,3373,,,10402.052734375
481,3373,0.8153603672981262,10013.6416015625,
482,3380,,,10400.8740234375
482,3380,0.8157154321670532,10016.3486328125,
483,3387,,,10407.1416015625
483,3387,0.8183615207672119,10015.669921875,
484,3394,,,10401.40625
484,3394,0.8160949349403381,10014.5166015625,
485,3401,,,10402.392578125
485,3401,0.8108428716659546,10014.91796875,
486,3408,,,10417.58984375
486,3408,0.8145765066146851,10025.9345703125,
487,3415,,,10414.6240234375
487,3415,0.8149958252906799,10024.3505859375,
488,3422,,,10413.2119140625
488,3422,0.8127791285514832,10026.419921875,
489,3429,,,10419.9365234375
489,3429,0.8148978352546692,10028.0185546875,
490,3436,,,10413.24609375
490,3436,0.8151755332946777,10022.3681640625,
491,3443,,,10405.9921875
491,3443,0.8159239888191223,10021.21875,
492,3450,,,10418.828125
492,3450,0.8163360953330994,10025.3837890625,
493,3457,,,10410.962890625
493,3457,0.8135192394256592,10022.2744140625,
494,3464,,,10411.4052734375
494,3464,0.8152812719345093,10017.931640625,
495,3471,,,10411.935546875
495,3471,0.816927969455719,10016.1787109375,
496,3478,,,10404.7041015625
496,3478,0.8153924345970154,10018.5,
497,3485,,,10408.462890625
497,3485,0.8157107830047607,10015.9833984375,
498,3492,,,10401.9404296875
498,3492,0.817651093006134,10013.537109375,
499,3499,,,10404.966796875
499,3499,0.8173266053199768,10013.591796875,
500,3506,,,10417.4833984375
500,3506,0.8181414604187012,10016.6904296875,
501,3513,,,10406.26953125
501,3513,0.8162810206413269,10018.841796875,
502,3520,,,10402.5673828125
502,3520,0.8169298768043518,10015.6328125,
503,3527,,,10411.8876953125
503,3527,0.8171730637550354,10014.9833984375,
504,3534,,,10407.9384765625
504,3534,0.8149552345275879,10013.474609375,
505,3541,,,10402.7783203125
505,3541,0.8161315321922302,10014.537109375,
506,3548,,,10401.29296875
506,3548,0.8140168786048889,10013.71875,
507,3555,,,10404.3349609375
507,3555,0.8134328126907349,10013.1875,
508,3562,,,10404.01171875
508,3562,0.8158310055732727,10012.4296875,
509,3569,,,10409.4892578125
509,3569,0.8141407370567322,10014.8193359375,
510,3576,,,10403.7197265625
510,3576,0.8148424029350281,10019.4248046875,
511,3583,,,10415.33984375
511,3583,0.8146925568580627,10017.3076171875,
512,3590,,,10401.81640625
512,3590,0.8148515224456787,10016.3828125,
513,3597,,,10405.0576171875
513,3597,0.8151103854179382,10013.466796875,
514,3604,,,10400.748046875
514,3604,0.8123087286949158,10013.015625,
515,3611,,,10400.837890625
515,3611,0.8144681453704834,10012.103515625,
516,3618,,,10400.322265625
516,3618,0.8158254027366638,10011.8779296875,
517,3625,,,10401.7587890625
517,3625,0.8154973387718201,10011.5791015625,
518,3632,,,10400.3916015625
518,3632,0.8147462010383606,10012.9599609375,
519,3639,,,10411.7900390625
519,3639,0.814869225025177,10015.78515625,
520,3646,,,10412.8916015625
520,3646,0.8166604042053223,10029.58203125,
521,3653,,,10414.82421875
521,3653,0.8157961964607239,10025.7802734375,
522,3660,,,10405.8642578125
522,3660,0.8148900866508484,10018.5361328125,
523,3667,,,10407.5537109375
523,3667,0.816078782081604,10016.693359375,
524,3674,,,10404.1943359375
524,3674,0.8165137767791748,10013.9951171875,
525,3681,,,10400.6083984375
525,3681,0.8161754608154297,10012.1337890625,
526,3688,,,10403.8583984375
526,3688,0.8166607022285461,10011.9814453125,
527,3695,,,10403.6796875
527,3695,0.8147531151771545,10013.5849609375,
528,3702,,,10403.1240234375
528,3702,0.8093212246894836,10011.7255859375,
529,3709,,,10402.83203125
529,3709,0.8154691457748413,10011.6376953125,
530,3716,,,10400.24609375
530,3716,0.8147998452186584,10011.568359375,
531,3723,,,10403.2763671875
531,3723,0.8115808367729187,10010.7490234375,
532,3730,,,10400.23828125
532,3730,0.8151952624320984,10010.546875,
533,3737,,,10402.416015625
533,3737,0.8143069744110107,10010.3212890625,
534,3744,,,10403.099609375
534,3744,0.8122302889823914,10011.3798828125,
535,3751,,,10399.79296875
535,3751,0.8121724724769592,10011.2197265625,
536,3758,,,10435.8037109375
536,3758,0.8138787150382996,10017.1982421875,
537,3765,,,10419.248046875
537,3765,0.8148872256278992,10033.3681640625,
538,3772,,,10409.408203125
538,3772,0.8144432902336121,10023.509765625,
539,3779,,,10413.2998046875
539,3779,0.8144978284835815,10021.1904296875,
540,3786,,,10406.921875
540,3786,0.8160845041275024,10022.626953125,
541,3793,,,10409.9345703125
541,3793,0.8149970173835754,10019.1005859375,
542,3800,,,10407.912109375
542,3800,0.8124319314956665,10017.87109375,
543,3807,,,10401.5400390625
543,3807,0.811629593372345,10013.9013671875,
544,3814,,,10406.115234375
544,3814,0.8149118423461914,10014.521484375,
545,3821,,,10417.5966796875
545,3821,0.816159725189209,10018.244140625,
546,3828,,,10417.267578125
546,3828,0.8155403137207031,10022.14453125,
547,3835,,,10404.90234375
547,3835,0.816391110420227,10019.4033203125,
548,3842,,,10410.482421875
548,3842,0.8145408034324646,10016.373046875,
549,3849,,,10401.8291015625
549,3849,0.8128156065940857,10014.21875,
550,3856,,,10404.419921875
550,3856,0.8157109618186951,10013.5849609375,
551,3863,,,10401.6279296875
551,3863,0.8119509816169739,10012.3876953125,
552,3870,,,10402.9814453125
552,3870,0.8177471160888672,10015.4697265625,
553,3877,,,10400.392578125
553,3877,0.8170654773712158,10013.705078125,
554,3884,,,10405.2421875
554,3884,0.8163941502571106,10011.3447265625,
555,3891,,,10399.98828125
555,3891,0.8166499733924866,10011.14453125,
556,3898,,,10403.732421875
556,3898,0.8159264922142029,10010.6708984375,
557,3905,,,10406.826171875
557,3905,0.818510890007019,10011.4375,
558,3912,,,10404.0498046875
558,3912,0.8149794340133667,10017.646484375,
559,3919,,,10403.0126953125
559,3919,0.8148618340492249,10014.0234375,
560,3926,,,10400.8720703125
560,3926,0.8158420324325562,10011.9638671875,
561,3933,,,10400.244140625
561,3933,0.8138577938079834,10011.7333984375,
562,3940,,,10402.17578125
562,3940,0.8175445795059204,10011.3271484375,
563,3947,,,10399.2421875
563,3947,0.8171770572662354,10011.615234375,
564,3954,,,10399.97265625
564,3954,0.8149494528770447,10011.8076171875,
565,3961,,,10401.58984375
565,3961,0.8116816878318787,10010.4990234375,
566,3968,,,10400.6064453125
566,3968,0.8126362562179565,10010.1796875,
567,3975,,,10402.6240234375
567,3975,0.8129599094390869,10010.1474609375,
568,3982,,,10400.2607421875
568,3982,0.8144497871398926,10011.890625,
569,3989,,,10422.365234375
569,3989,0.8141368627548218,10010.9755859375,
570,3996,,,10410.9443359375
570,3996,0.8154560327529907,10020.32421875,
571,4003,,,10409.1611328125
571,4003,0.812419593334198,10021.6396484375,
572,4010,,,10413.8701171875
572,4010,0.8156987428665161,10021.1552734375,
573,4017,,,10404.8837890625
573,4017,0.8152604699134827,10021.1826171875,
574,4024,,,10404.4658203125
574,4024,0.8158284425735474,10015.3359375,
575,4031,,,10402.83203125
575,4031,0.814030110836029,10012.810546875,
576,4038,,,10400.908203125
576,4038,0.8151854276657104,10012.3271484375,
577,4045,,,10403.646484375
577,4045,0.8174696564674377,10012.08203125,
578,4052,,,10401.34765625
578,4052,0.8166531324386597,10014.650390625,
579,4059,,,10402.3759765625
579,4059,0.8137577176094055,10015.537109375,
580,4066,,,10414.15234375
580,4066,0.8145635724067688,10028.77734375,
581,4073,,,10405.9775390625
581,4073,0.8143364787101746,10021.5400390625,
582,4080,,,10404.11328125
582,4080,0.8125649094581604,10018.4267578125,
583,4087,,,10407.099609375
583,4087,0.8150990009307861,10015.4521484375,
584,4094,,,10406.8505859375
584,4094,0.8148931264877319,10014.544921875,
585,4101,,,10414.328125
585,4101,0.8098443746566772,10017.1826171875,
586,4108,,,10403.1484375
586,4108,0.8134612441062927,10017.6953125,
587,4115,,,10401.912109375
587,4115,0.8153790831565857,10012.6103515625,
588,4122,,,10405.43359375
588,4122,0.8151654601097107,10011.76953125,
589,4129,,,10408.447265625
589,4129,0.8138921856880188,10015.5927734375,
590,4136,,,10408.1083984375
590,4136,0.8132385611534119,10018.66796875,
591,4143,,,10423.1201171875
591,4143,0.8142310976982117,10018.537109375,
592,4150,,,10421.8759765625
592,4150,0.8127614855766296,10024.8662109375,
593,4157,,,10416.90625
593,4157,0.8113609552383423,10025.287109375,
594,4164,,,10409.658203125
594,4164,0.8130751252174377,10018.3662109375,
595,4171,,,10408.3486328125
595,4171,0.8113410472869873,10017.3251953125,
596,4178,,,10405.490234375
596,4178,0.8115234375,10017.1923828125,
597,4185,,,10410.58984375
597,4185,0.8148760795593262,10018.3125,
598,4192,,,10402.0146484375
598,4192,0.8126319646835327,10016.3447265625,
599,4199,,,10409.1220703125
599,4199,0.8107534646987915,10019.0537109375,
600,4206,,,10402.4208984375
600,4206,0.8139168620109558,10016.3310546875,
601,4213,,,10404.9736328125
601,4213,0.8159714937210083,10014.28125,
602,4220,,,10404.1298828125
602,4220,0.8144762516021729,10013.9609375,
603,4227,,,10402.5537109375
603,4227,0.8151064515113831,10013.6689453125,
604,4234,,,10400.259765625
604,4234,0.8148295283317566,10016.337890625,
605,4241,,,10406.9521484375
605,4241,0.8150729537010193,10014.67578125,
606,4248,,,10404.4404296875
606,4248,0.8179556131362915,10013.298828125,
607,4255,,,10416.9462890625
607,4255,0.815609335899353,10017.5,
608,4262,,,10408.0185546875
608,4262,0.8126649856567383,10021.6181640625,
609,4269,,,10405.52734375
609,4269,0.8154271245002747,10016.7138671875,
610,4276,,,10412.86328125
610,4276,0.8148468732833862,10015.5126953125,
611,4283,,,10423.712890625
611,4283,0.811847448348999,10020.431640625,
612,4290,,,10407.263671875
612,4290,0.8156226873397827,10022.55859375,
613,4297,,,10410.5908203125
613,4297,0.8131628036499023,10017.1435546875,
614,4304,,,10402.4873046875
614,4304,0.8144010901451111,10016.3544921875,
615,4311,,,10416.013671875
615,4311,0.815061628818512,10017.0048828125,
616,4318,,,10407.1298828125
616,4318,0.8151894211769104,10021.3330078125,
617,4325,,,10410.1279296875
617,4325,0.8131067752838135,10018.3125,
618,4332,,,10423.23046875
618,4332,0.8158857226371765,10024.44140625,
619,4339,,,10412.3720703125
619,4339,0.8168002367019653,10032.7392578125,
620,4346,,,10414.2470703125
620,4346,0.8149208426475525,10022.521484375,
621,4353,,,10409.146484375
621,4353,0.8138426542282104,10020.22265625,
622,4360,,,10402.59765625
622,4360,0.8130662441253662,10018.05078125,
623,4367,,,10407.1240234375
623,4367,0.8162717223167419,10014.4326171875,
624,4374,,,10403.482421875
624,4374,0.8147702217102051,10014.1875,
625,4381,,,10406.6767578125
625,4381,0.8135059475898743,10016.3994140625,
626,4388,,,10400.3037109375
626,4388,0.8138236999511719,10013.0,
627,4395,,,10402.6884765625
627,4395,0.812649130821228,10013.7724609375,
628,4402,,,10406.1650390625
628,4402,0.8103322386741638,10014.9765625,
629,4409,,,10409.720703125
629,4409,0.8138913512229919,10016.82421875,
630,4416,,,10401.9638671875
630,4416,0.8125884532928467,10013.9482421875,
631,4423,,,10401.171875
631,4423,0.81775963306427,10013.091796875,
632,4430,,,10403.0341796875
632,4430,0.8182287812232971,10011.611328125,
633,4437,,,10399.640625
633,4437,0.8139293193817139,10010.3232421875,
634,4444,,,10399.3876953125
634,4444,0.8136668801307678,10010.076171875,
635,4451,,,10400.404296875
635,4451,0.8188763856887817,10010.4013671875,
636,4458,,,10399.7548828125
636,4458,0.8141124248504639,10009.17578125,
637,4465,,,10399.005859375
637,4465,0.8137651681900024,10009.7626953125,
638,4472,,,10399.611328125
638,4472,0.8192986845970154,10009.326171875,
639,4479,,,10401.453125
639,4479,0.8176506757736206,10008.7724609375,
640,4486,,,10397.5166015625
640,4486,0.817118763923645,10009.330078125,
641,4493,,,10400.6865234375
641,4493,0.8174481391906738,10009.2900390625,
642,4500,,,10402.2060546875
642,4500,0.8164945840835571,10009.60546875,
643,4507,,,10402.2255859375
643,4507,0.8196859359741211,10011.8623046875,
644,4514,,,10412.0458984375
644,4514,0.8153186440467834,10012.2255859375,
645,4521,,,10402.6181640625
645,4521,0.8154538869857788,10013.8779296875,
646,4528,,,10418.482421875
646,4528,0.8178137540817261,10015.0869140625,
647,4535,,,10415.642578125
647,4535,0.8177451491355896,10027.3251953125,
648,4542,,,10409.7138671875
648,4542,0.8185450434684753,10020.2392578125,
649,4549,,,10406.3720703125
649,4549,0.8167526721954346,10017.453125,
650,4556,,,10404.3603515625
650,4556,0.8118823170661926,10014.6005859375,
651,4563,,,10409.7421875
651,4563,0.8108595013618469,10015.1640625,
652,4570,,,10409.640625
652,4570,0.8114054799079895,10020.8974609375,
653,4577,,,10405.9619140625
653,4577,0.815536379814148,10016.87109375,
654,4584,,,10403.0263671875
654,4584,0.8113778233528137,10013.482421875,
655,4591,,,10405.1201171875
655,4591,0.8120393753051758,10012.75,
656,4598,,,10418.017578125
656,4598,0.8110918998718262,10015.8955078125,
657,4605,,,10443.7080078125
657,4605,0.8120734691619873,10040.791015625,
658,4612,,,10426.904296875
658,4612,0.8106139302253723,10033.7685546875,
659,4619,,,10424.7861328125
659,4619,0.8113213777542114,10029.1865234375,
660,4626,,,10421.1083984375
660,4626,0.8112114071846008,10036.0771484375,
661,4633,,,10421.7998046875
661,4633,0.8117817044258118,10029.1083984375,
662,4640,,,10404.568359375
662,4640,0.8128992915153503,10024.12890625,
663,4647,,,10415.4658203125
663,4647,0.8123371601104736,10020.6630859375,
664,4654,,,10410.0576171875
664,4654,0.8139001131057739,10021.568359375,
665,4661,,,10402.513671875
665,4661,0.8149313926696777,10015.8125,
666,4668,,,10404.5908203125
666,4668,0.8126938343048096,10014.275390625,
667,4675,,,10410.7001953125
667,4675,0.8126512765884399,10015.1953125,
668,4682,,,10412.021484375
668,4682,0.8110948801040649,10020.3759765625,
669,4689,,,10407.2568359375
669,4689,0.81402587890625,10020.779296875,
670,4696,,,10404.2978515625
670,4696,0.8162589073181152,10017.6767578125,
671,4703,,,10407.986328125
671,4703,0.8105703592300415,10021.5927734375,
672,4710,,,10406.421875
672,4710,0.8117992281913757,10017.525390625,
673,4717,,,10402.755859375
673,4717,0.8124232292175293,10014.689453125,
674,4724,,,10402.853515625
674,4724,0.8115927577018738,10013.83203125,
675,4731,,,10406.1337890625
675,4731,0.8162900805473328,10017.01171875,
676,4738,,,10408.935546875
676,4738,0.816194474697113,10017.5791015625,
677,4745,,,10404.1435546875
677,4745,0.816691517829895,10016.1708984375,
678,4752,,,10406.1796875
678,4752,0.817726194858551,10018.048828125,
679,4759,,,10413.3017578125
679,4759,0.8150265216827393,10016.03515625,
680,4766,,,10408.95703125
680,4766,0.8170080184936523,10023.5869140625,
681,4773,,,10404.8466796875
681,4773,0.8185546398162842,10017.0419921875,
682,4780,,,10403.33984375
682,4780,0.8164229989051819,10014.556640625,
683,4787,,,10400.2724609375
683,4787,0.8193628787994385,10012.2958984375,
684,4794,,,10406.005859375
684,4794,0.8152203559875488,10011.3916015625,
685,4801,,,10409.0
685,4801,0.8192722797393799,10014.24609375,
686,4808,,,10404.2958984375
686,4808,0.8336151838302612,10013.3779296875,
687,4815,,,10402.2001953125
687,4815,0.8273999691009521,10012.3642578125,
688,4822,,,10402.98828125
688,4822,0.823197066783905,10013.6005859375,
689,4829,,,10404.0400390625
689,4829,0.8269882798194885,10012.158203125,
690,4836,,,10405.3017578125
690,4836,0.8222548961639404,10011.140625,
691,4843,,,10400.3818359375
691,4843,0.8138513565063477,10010.78125,
692,4850,,,10409.4482421875
692,4850,0.814659059047699,10016.1337890625,
693,4857,,,10439.8671875
693,4857,0.8138235807418823,10014.6455078125,
694,4864,,,10417.8359375
694,4864,0.8153103590011597,10027.291015625,
695,4871,,,10413.263671875
695,4871,0.8141797780990601,10029.3583984375,
696,4878,,,10404.931640625
696,4878,0.8147249221801758,10021.673828125,
697,4885,,,10415.900390625
697,4885,0.8130506277084351,10028.6201171875,
698,4892,,,10408.5361328125
698,4892,0.8139876127243042,10021.05078125,
699,4899,,,10413.068359375
699,4899,0.8164091110229492,10016.501953125,
700,4906,,,10407.21875
700,4906,0.8169335126876831,10018.0888671875,
701,4913,,,10403.2958984375
701,4913,0.8139337301254272,10015.697265625,
702,4920,,,10408.099609375
702,4920,0.8147882223129272,10014.3525390625,
703,4927,,,10405.98828125
703,4927,0.8126365542411804,10016.03515625,
704,4934,,,10412.447265625
704,4934,0.8122194409370422,10020.859375,
705,4941,,,10407.8984375
705,4941,0.816460907459259,10019.837890625,
706,4948,,,10405.849609375
706,4948,0.810393214225769,10018.8447265625,
707,4955,,,10412.505859375
707,4955,0.8123186230659485,10015.779296875,
708,4962,,,10420.6796875
708,4962,0.8143972754478455,10020.0126953125,
709,4969,,,10408.1611328125
709,4969,0.8122727870941162,10022.162109375,
710,4976,,,10407.05859375
710,4976,0.813044011592865,10017.5908203125,
711,4983,,,10410.6025390625
711,4983,0.8134098052978516,10016.0537109375,
712,4990,,,10403.5615234375
712,4990,0.8152356743812561,10016.9951171875,
713,4997,,,10417.2587890625
713,4997,0.8158172369003296,10017.9130859375,
714,5004,,,10420.1171875
714,5004,0.814070463180542,10017.720703125,
715,5011,,,10409.1533203125
715,5011,0.8143256306648254,10022.982421875,
716,5018,,,10405.2578125
716,5018,0.8147209882736206,10018.4521484375,
717,5025,,,10417.6748046875
717,5025,0.8155441880226135,10017.0517578125,
718,5032,,,10432.2080078125
718,5032,0.8116823434829712,10035.0810546875,
719,5039,,,10445.634765625
719,5039,0.8161517977714539,10054.4345703125,
720,5046,,,10426.3759765625
720,5046,0.8160399198532104,10045.591796875,
721,5053,,,10428.513671875
721,5053,0.8167792558670044,10047.65625,
722,5060,,,10421.7900390625
722,5060,0.813423216342926,10031.451171875,
723,5067,,,10414.2646484375
723,5067,0.8174490928649902,10025.8076171875,
724,5074,,,10407.09765625
724,5074,0.8127526640892029,10021.05859375,
725,5081,,,10404.3896484375
725,5081,0.8111405372619629,10016.6123046875,
726,5088,,,10411.1484375
726,5088,0.8150229454040527,10016.650390625,
727,5095,,,10410.1181640625
727,5095,0.8160437345504761,10021.1005859375,
728,5102,,,10425.88671875
728,5102,0.8208085298538208,10019.1953125,
729,5109,,,10419.5
729,5109,0.8178519606590271,10031.765625,
730,5116,,,10409.4912109375
730,5116,0.8142523169517517,10027.498046875,
731,5123,,,10411.0400390625
731,5123,0.8120638728141785,10020.1806640625,
732,5130,,,10411.7001953125
732,5130,0.8149850964546204,10018.6875,
733,5137,,,10407.27734375
733,5137,0.816992461681366,10018.8017578125,
734,5144,,,10402.1015625
734,5144,0.8176120519638062,10014.87890625,
735,5151,,,10405.83203125
735,5151,0.8129411339759827,10015.173828125,
736,5158,,,10405.1142578125
736,5158,0.8138828873634338,10015.20703125,
737,5165,,,10402.1796875
737,5165,0.8149630427360535,10013.5068359375,
738,5172,,,10404.802734375
738,5172,0.815851628780365,10013.884765625,
739,5179,,,10402.7353515625
739,5179,0.8164237141609192,10013.5517578125,
740,5186,,,10412.814453125
740,5186,0.8150559663772583,10018.2724609375,
741,5193,,,10401.2998046875
741,5193,0.8157703280448914,10018.439453125,
742,5200,,,10406.033203125
742,5200,0.8167483806610107,10015.6689453125,
743,5207,,,10403.662109375
743,5207,0.8175336718559265,10013.2255859375,
744,5214,,,10407.916015625
744,5214,0.8152869939804077,10018.8427734375,
745,5221,,,10411.373046875
745,5221,0.8148753643035889,10021.7666015625,
746,5228,,,10412.09765625
746,5228,0.8164334893226624,10021.6474609375,
747,5235,,,10411.146484375
747,5235,0.8177199959754944,10021.9931640625,
748,5242,,,10403.58984375
748,5242,0.8168882727622986,10018.1806640625,
749,5249,,,10402.7919921875
749,5249,0.81599360704422,10015.3017578125,
750,5256,,,10404.8017578125
750,5256,0.8154497742652893,10014.6572265625,
751,5263,,,10406.3037109375
751,5263,0.820479154586792,10014.556640625,
752,5270,,,10407.849609375
752,5270,0.8160110712051392,10018.1005859375,
753,5277,,,10407.4755859375
753,5277,0.8145868182182312,10020.6357421875,
754,5284,,,10408.146484375
754,5284,0.8210428953170776,10017.138671875,
755,5291,,,10401.353515625
755,5291,0.8151739239692688,10014.2578125,
756,5298,,,10401.4404296875
756,5298,0.8134775161743164,10012.6728515625,
757,5305,,,10406.2119140625
757,5305,0.8099949955940247,10011.6689453125,
758,5312,,,10401.4951171875
758,5312,0.8144693374633789,10011.376953125,
759,5319,,,10402.94921875
759,5319,0.814882218837738,10012.568359375,
760,5326,,,10408.0498046875
760,5326,0.8128471374511719,10012.951171875,
761,5333,,,10402.99609375
761,5333,0.8173040747642517,10015.650390625,
762,5340,,,10407.759765625
762,5340,0.8184102177619934,10014.0419921875,
763,5347,,,10402.4560546875
763,5347,0.8168957233428955,10015.0400390625,
764,5354,,,10405.5234375
764,5354,0.812511146068573,10014.2861328125,
765,5361,,,10409.4697265625
765,5361,0.8245325088500977,10012.2392578125,
766,5368,,,10400.6494140625
766,5368,0.8182636499404907,10011.3671875,
767,5375,,,10405.34765625
767,5375,0.8252747654914856,10010.94140625,
768,5382,,,10404.2041015625
768,5382,0.815407931804657,10012.7666015625,
769,5389,,,10398.0107421875
769,5389,0.8186401128768921,10010.0849609375,
770,5396,,,10401.27734375
770,5396,0.8160964846611023,10009.173828125,
771,5403,,,10404.3701171875
771,5403,0.81673264503479,10009.6728515625,
772,5410,,,10400.521484375
772,5410,0.8141950964927673,10011.3193359375,
773,5417,,,10399.1259765625
773,5417,0.8149496912956238,10010.234375,
774,5424,,,10407.751953125
774,5424,0.8133497834205627,10013.8544921875,
775,5431,,,10407.9189453125
775,5431,0.811147928237915,10017.14453125,
776,5438,,,10429.509765625
776,5438,0.811760425567627,10034.1455078125,
777,5445,,,10408.634765625
777,5445,0.8157128095626831,10025.056640625,
778,5452,,,10404.5341796875
778,5452,0.817186176776886,10017.25,
779,5459,,,10407.9296875
779,5459,0.8146505355834961,10017.6142578125,
780,5466,,,10412.169921875
780,5466,0.8124657869338989,10019.3779296875,
781,5473,,,10412.1064453125
781,5473,0.8103609085083008,10021.1201171875,
782,5480,,,10414.0458984375
782,5480,0.815021276473999,10019.9482421875,
783,5487,,,10412.1669921875
783,5487,0.8146345019340515,10019.01171875,
784,5494,,,10409.4384765625
784,5494,0.815586268901825,10014.6708984375,
785,5501,,,10401.146484375
785,5501,0.8186602592468262,10013.556640625,
786,5508,,,10397.2802734375
786,5508,0.813478410243988,10010.185546875,
787,5515,,,10399.3369140625
787,5515,0.8162512183189392,10009.568359375,
788,5522,,,10403.09375
788,5522,0.8128969669342041,10008.96484375,
789,5529,,,10407.7119140625
789,5529,0.814525842666626,10011.09375,
790,5536,,,10405.8271484375
790,5536,0.8150823712348938,10014.3134765625,
791,5543,,,10404.970703125
791,5543,0.8133042454719543,10012.7607421875,
792,5550,,,10399.5634765625
792,5550,0.8131159543991089,10011.8828125,
793,5557,,,10404.7578125
793,5557,0.8222604393959045,10011.7216796875,
794,5564,,,10403.1318359375
794,5564,0.8169487118721008,10015.8203125,
795,5571,,,10401.73046875
795,5571,0.8100464344024658,10015.185546875,
796,5578,,,10399.0263671875
796,5578,0.8149663209915161,10010.7138671875,
797,5585,,,10401.3662109375
797,5585,0.809062123298645,10011.2021484375,
798,5592,,,10416.8564453125
798,5592,0.8147203326225281,10021.8642578125,
799,5599,,,10411.2451171875
799,5599,0.8118817806243896,10027.3798828125,
800,5606,,,10411.8037109375
800,5606,0.8110830187797546,10023.462890625,
801,5613,,,10411.5244140625
801,5613,0.8115410804748535,10020.6953125,
802,5620,,,10460.8583984375
802,5620,0.8155086040496826,10025.6494140625,
803,5627,,,10446.6826171875
803,5627,0.8139127492904663,10059.6865234375,
804,5634,,,10423.2744140625
804,5634,0.8149477243423462,10043.3876953125,
805,5641,,,10409.8857421875
805,5641,0.8106702566146851,10027.5517578125,
806,5648,,,10409.994140625
806,5648,0.8117811679840088,10021.955078125,
807,5655,,,10411.53125
807,5655,0.8141714930534363,10019.8994140625,
808,5662,,,10405.6376953125
808,5662,0.8132804036140442,10018.1455078125,
809,5669,,,10421.166015625
809,5669,0.814909815788269,10021.650390625,
810,5676,,,10409.6787109375
810,5676,0.814988374710083,10019.4130859375,
811,5683,,,10414.7060546875
811,5683,0.8146320581436157,10017.673828125,
812,5690,,,10406.1904296875
812,5690,0.8149889707565308,10018.76953125,
813,5697,,,10402.7412109375
813,5697,0.8130378723144531,10016.3916015625,
814,5704,,,10405.3984375
814,5704,0.8124943971633911,10014.30078125,
815,5711,,,10406.91015625
815,5711,0.8150911331176758,10012.9228515625,
816,5718,,,10400.232421875
816,5718,0.8155176639556885,10012.2958984375,
817,5725,,,10400.9931640625
817,5725,0.8111124038696289,10011.9931640625,
818,5732,,,10400.419921875
818,5732,0.8119955062866211,10010.4111328125,
819,5739,,,10406.51171875
819,5739,0.8107950091362,10010.28125,
820,5746,,,10397.90625
820,5746,0.8123042583465576,10011.1826171875,
821,5753,,,10401.8115234375
821,5753,0.8154751062393188,10010.0732421875,
822,5760,,,10405.4580078125
822,5760,0.8113236427307129,10011.3310546875,
823,5767,,,10407.9765625
823,5767,0.8152818083763123,10011.0537109375,
824,5774,,,10401.669921875
824,5774,0.8188823461532593,10012.2802734375,
825,5781,,,10397.990234375
825,5781,0.8121024966239929,10010.947265625,
826,5788,,,10405.3203125
826,5788,0.8116447329521179,10013.4658203125,
827,5795,,,10418.912109375
827,5795,0.8130887150764465,10016.513671875,
828,5802,,,10404.5
828,5802,0.8090692758560181,10016.4296875,
829,5809,,,10403.6669921875
829,5809,0.8109105825424194,10013.8662109375,
830,5816,,,10403.9052734375
830,5816,0.8086453080177307,10010.7138671875,
831,5823,,,10403.9189453125
831,5823,0.8088106513023376,10013.29296875,
832,5830,,,10400.9287109375
832,5830,0.8160861134529114,10011.51171875,
833,5837,,,10411.5341796875
833,5837,0.8094378113746643,10012.4765625,
834,5844,,,10409.4443359375
834,5844,0.8144958019256592,10016.3681640625,
835,5851,,,10408.9384765625
835,5851,0.8147580027580261,10013.8046875,
836,5858,,,10419.40625
836,5858,0.8161348104476929,10018.5546875,
837,5865,,,10411.84765625
837,5865,0.8138622045516968,10024.8779296875,
838,5872,,,10406.9140625
838,5872,0.8165549039840698,10020.134765625,
839,5879,,,10405.7998046875
839,5879,0.8109627962112427,10016.9208984375,
840,5886,,,10411.9619140625
840,5886,0.8106779456138611,10018.2216796875,
841,5893,,,10413.767578125
841,5893,0.8111925721168518,10020.052734375,
842,5900,,,10411.6787109375
842,5900,0.8163332939147949,10016.685546875,
843,5907,,,10402.1201171875
843,5907,0.8164395093917847,10015.51171875,
844,5914,,,10404.1669921875
844,5914,0.8134236931800842,10015.0517578125,
845,5921,,,10408.0
845,5921,0.8117026686668396,10014.4033203125,
846,5928,,,10408.7978515625
846,5928,0.8113000988960266,10015.9306640625,
847,5935,,,10399.935546875
847,5935,0.8173495531082153,10014.0849609375,
848,5942,,,10402.2861328125
848,5942,0.8122497200965881,10012.9150390625,
849,5949,,,10403.0078125
849,5949,0.8147106766700745,10013.64453125,
850,5956,,,10423.169921875
850,5956,0.8144001364707947,10013.919921875,
851,5963,,,10424.5576171875
851,5963,0.811200737953186,10034.501953125,
852,5970,,,10413.7158203125
852,5970,0.8127735257148743,10032.859375,
853,5977,,,10424.26953125
853,5977,0.8106289505958557,10026.2626953125,
854,5984,,,10418.8115234375
854,5984,0.8116058111190796,10033.529296875,
855,5991,,,10410.5283203125
855,5991,0.812197208404541,10031.7138671875,
856,5998,,,10407.0419921875
856,5998,0.8136866688728333,10022.0771484375,
857,6005,,,10404.2890625
857,6005,0.8163499236106873,10016.74609375,
858,6012,,,10404.9658203125
858,6012,0.8125123381614685,10016.466796875,
859,6019,,,10404.826171875
859,6019,0.8107126355171204,10013.6875,
860,6026,,,10400.7958984375
860,6026,0.8129829168319702,10011.900390625,
861,6033,,,10403.671875
861,6033,0.8125176429748535,10011.9697265625,
862,6040,,,10403.4541015625
862,6040,0.8135923147201538,10011.9345703125,
863,6047,,,10399.357421875
863,6047,0.8135449290275574,10012.501953125,
864,6054,,,10401.9716796875
864,6054,0.8210957646369934,10011.396484375,
865,6061,,,10402.6103515625
865,6061,0.8189237117767334,10011.4033203125,
866,6068,,,10411.740234375
866,6068,0.8137134909629822,10013.4755859375,
867,6075,,,10406.349609375
867,6075,0.8163859248161316,10016.197265625,
868,6082,,,10408.7021484375
868,6082,0.8144656419754028,10013.8681640625,
869,6089,,,10400.82421875
869,6089,0.8160845041275024,10011.7724609375,
870,6096,,,10398.83984375
870,6096,0.8110577464103699,10010.908203125,
871,6103,,,10402.015625
871,6103,0.8089146614074707,10010.515625,
872,6110,,,10408.017578125
872,6110,0.8152669072151184,10011.1357421875,
873,6117,,,10405.8515625
873,6117,0.817542552947998,10012.998046875,
874,6124,,,10442.1806640625
874,6124,0.8101752996444702,10015.0966796875,
875,6131,,,10423.99609375
875,6131,0.8154541254043579,10027.0712890625,
876,6138,,,10411.046875
876,6138,0.8124882578849792,10025.7744140625,
877,6145,,,10408.0302734375
877,6145,0.8112417459487915,10016.4306640625,
878,6152,,,10399.263671875
878,6152,0.810619056224823,10013.6220703125,
879,6159,,,10405.0791015625
879,6159,0.813613772392273,10010.9482421875,
880,6166,,,10413.24609375
880,6166,0.8114357590675354,10014.3642578125,
881,6173,,,10406.984375
881,6173,0.8105852603912354,10015.0576171875,
882,6180,,,10404.8779296875
882,6180,0.8095499873161316,10011.3779296875,
883,6187,,,10399.330078125
883,6187,0.8078174591064453,10012.5888671875,
884,6194,,,10404.2783203125
884,6194,0.8129302263259888,10010.810546875,
885,6201,,,10402.8779296875
885,6201,0.8075565695762634,10011.1298828125,
886,6208,,,10401.173828125
886,6208,0.8143774271011353,10010.1064453125,
887,6215,,,10404.1337890625
887,6215,0.8134795427322388,10014.1337890625,
888,6222,,,10408.2197265625
888,6222,0.8102940917015076,10014.990234375,
889,6229,,,10403.0732421875
889,6229,0.8125200867652893,10013.3154296875,
890,6236,,,10402.29296875
890,6236,0.8119860887527466,10012.0400390625,
891,6243,,,10407.6103515625
891,6243,0.8129605054855347,10013.3857421875,
892,6250,,,10406.755859375
892,6250,0.8129898309707642,10014.0869140625,
893,6257,,,10403.8203125
893,6257,0.8139150738716125,10013.4111328125,
894,6264,,,10403.685546875
894,6264,0.8114667534828186,10014.990234375,
895,6271,,,10401.18359375
895,6271,0.8080872893333435,10011.37890625,
896,6278,,,10401.6748046875
896,6278,0.8095512390136719,10011.6748046875,
897,6285,,,10398.7060546875
897,6285,0.8129435777664185,10011.7041015625,
898,6292,,,10401.0576171875
898,6292,0.8135702610015869,10008.9873046875,
899,6299,,,10403.83984375
899,6299,0.8112224340438843,10009.6669921875,
900,6306,,,10402.4541015625
900,6306,0.8121404647827148,10010.802734375,
901,6313,,,10400.3701171875
901,6313,0.8173004388809204,10011.0224609375,
902,6320,,,10400.6640625
902,6320,0.8138349056243896,10011.9130859375,
903,6327,,,10405.8291015625
903,6327,0.8152901530265808,10014.0537109375,
904,6334,,,10407.162109375
904,6334,0.8139544725418091,10011.0185546875,
905,6341,,,10400.0908203125
905,6341,0.8104028105735779,10009.6875,
906,6348,,,10398.9921875
906,6348,0.8125596046447754,10009.3759765625,
907,6355,,,10405.02734375
907,6355,0.8125676512718201,10009.5068359375,
908,6362,,,10407.9423828125
908,6362,0.8126961588859558,10009.978515625,
909,6369,,,10399.9560546875
909,6369,0.8138020038604736,10010.2041015625,
910,6376,,,10405.744140625
910,6376,0.8144441246986389,10014.09375,
911,6383,,,10406.83984375
911,6383,0.8112289309501648,10013.6416015625,
912,6390,,,10399.412109375
912,6390,0.8087524771690369,10012.4169921875,
913,6397,,,10400.484375
913,6397,0.8128889799118042,10010.6953125,
914,6404,,,10401.4033203125
914,6404,0.8092321157455444,10010.544921875,
915,6411,,,10399.2958984375
915,6411,0.8157184720039368,10010.1337890625,
916,6418,,,10402.2578125
916,6418,0.8133208155632019,10010.8603515625,
917,6425,,,10412.0458984375
917,6425,0.8127126693725586,10017.103515625,
918,6432,,,10404.23828125
918,6432,0.810286283493042,10013.802734375,
919,6439,,,10407.2529296875
919,6439,0.8114610910415649,10012.7685546875,
920,6446,,,10401.2626953125
920,6446,0.8130308985710144,10012.884765625,
921,6453,,,10400.0244140625
921,6453,0.8094121217727661,10010.1572265625,
922,6460,,,10401.51953125
922,6460,0.8124220371246338,10009.626953125,
923,6467,,,10404.0224609375
923,6467,0.8112532496452332,10008.650390625,
924,6474,,,10399.2275390625
924,6474,0.8142876625061035,10009.6572265625,
925,6481,,,10403.5224609375
925,6481,0.811701238155365,10009.279296875,
926,6488,,,10403.1318359375
926,6488,0.8126762509346008,10009.21875,
927,6495,,,10413.029296875
927,6495,0.8141684532165527,10017.337890625,
928,6502,,,10405.3818359375
928,6502,0.8070444464683533,10017.02734375,
929,6509,,,10411.7216796875
929,6509,0.8114140033721924,10014.265625,
930,6516,,,10406.5546875
930,6516,0.8124451041221619,10012.626953125,
931,6523,,,10403.515625
931,6523,0.8101442456245422,10010.7666015625,
932,6530,,,10400.162109375
932,6530,0.8105815052986145,10009.6318359375,
933,6537,,,10396.2744140625
933,6537,0.8144992589950562,10008.57421875,
934,6544,,,10402.634765625
934,6544,0.8132445812225342,10007.9267578125,
935,6551,,,10396.763671875
935,6551,0.8147768974304199,10008.8662109375,
936,6558,,,10405.328125
936,6558,0.8095863461494446,10009.5869140625,
937,6565,,,10401.400390625
937,6565,0.8133420348167419,10011.5849609375,
938,6572,,,10408.51953125
938,6572,0.8136052489280701,10011.568359375,
939,6579,,,10408.759765625
939,6579,0.8144799470901489,10013.669921875,
940,6586,,,10403.400390625
940,6586,0.8134032487869263,10012.708984375,
941,6593,,,10398.427734375
941,6593,0.8121220469474792,10011.5693359375,
942,6600,,,10417.7158203125
942,6600,0.8101040720939636,10011.6318359375,
943,6607,,,10407.7880859375
943,6607,0.8150699138641357,10021.8935546875,
944,6614,,,10401.740234375
944,6614,0.8133619427680969,10013.58203125,
945,6621,,,10402.8623046875
945,6621,0.8132315874099731,10011.8798828125,
946,6628,,,10425.404296875
946,6628,0.8143656849861145,10014.5791015625,
947,6635,,,10415.8603515625
947,6635,0.8100633025169373,10018.9716796875,
948,6642,,,10408.9892578125
948,6642,0.8103392720222473,10016.2041015625,
949,6649,,,10402.578125
949,6649,0.8102614283561707,10013.923828125,
950,6656,,,10402.318359375
950,6656,0.8102899789810181,10010.69921875,
951,6663,,,10398.6943359375
951,6663,0.8137520551681519,10010.3095703125,
952,6670,,,10401.013671875
952,6670,0.8131054639816284,10010.51953125,
953,6677,,,10399.2880859375
953,6677,0.8115422129631042,10009.396484375,
954,6684,,,10397.7841796875
954,6684,0.8138595223426819,10008.3173828125,
955,6691,,,10399.671875
955,6691,0.8165802359580994,10009.271484375,
956,6698,,,10401.9912109375
956,6698,0.8133597373962402,10011.431640625,
957,6705,,,10399.88671875
957,6705,0.8141322135925293,10011.0888671875,
958,6712,,,10407.2177734375
958,6712,0.809292197227478,10009.873046875,
959,6719,,,10428.26953125
959,6719,0.8086134791374207,10017.6240234375,
960,6726,,,10428.7421875
960,6726,0.81406170129776,10026.5888671875,
961,6733,,,10405.603515625
961,6733,0.8110686540603638,10020.244140625,
962,6740,,,10405.3251953125
962,6740,0.8138632774353027,10014.162109375,
963,6747,,,10405.5361328125
963,6747,0.8131653666496277,10011.3310546875,
964,6754,,,10398.3779296875
964,6754,0.8128694295883179,10010.22265625,
965,6761,,,10398.302734375
965,6761,0.8122925162315369,10009.400390625,
966,6768,,,10403.2578125
966,6768,0.8125545978546143,10009.0849609375,
967,6775,,,10404.2275390625
967,6775,0.81369549036026,10014.8408203125,
968,6782,,,10401.7197265625
968,6782,0.8101720809936523,10012.646484375,
969,6789,,,10415.931640625
969,6789,0.8111900091171265,10013.685546875,
970,6796,,,10418.7431640625
970,6796,0.8107575178146362,10029.7890625,
971,6803,,,10415.31640625
971,6803,0.8044363260269165,10024.4814453125,
972,6810,,,10413.66015625
972,6810,0.8132175207138062,10020.8447265625,
973,6817,,,10409.248046875
973,6817,0.8131461143493652,10018.9228515625,
974,6824,,,10411.427734375
974,6824,0.8134417533874512,10015.9580078125,
975,6831,,,10406.5537109375
975,6831,0.8133269548416138,10017.08203125,
976,6838,,,10406.1484375
976,6838,0.814523458480835,10015.01171875,
977,6845,,,10401.7177734375
977,6845,0.81240314245224,10012.6318359375,
978,6852,,,10399.2666015625
978,6852,0.8110501170158386,10010.19921875,
979,6859,,,10409.2578125
979,6859,0.8136972784996033,10011.806640625,
980,6866,,,10419.556640625
980,6866,0.8114088773727417,10019.6005859375,
981,6873,,,10412.74609375
981,6873,0.8115102648735046,10029.9931640625,
982,6880,,,10408.2880859375
982,6880,0.8139984607696533,10020.818359375,
983,6887,,,10413.755859375
983,6887,0.8143306970596313,10017.779296875,
984,6894,,,10458.419921875
984,6894,0.8147452473640442,10034.9423828125,
985,6901,,,10515.935546875
985,6901,0.8086797595024109,10065.0830078125,
986,6908,,,10442.416015625
986,6908,0.8118813633918762,10073.2626953125,
987,6915,,,10425.376953125
987,6915,0.8120728135108948,10040.6708984375,
988,6922,,,10426.7236328125
988,6922,0.8127914071083069,10038.533203125,
989,6929,,,10416.0966796875
989,6929,0.8135847449302673,10031.337890625,
990,6936,,,10412.486328125
990,6936,0.8141806125640869,10023.4248046875,
991,6943,,,10409.349609375
991,6943,0.8090579509735107,10018.974609375,
992,6950,,,10402.7431640625
992,6950,0.8095972537994385,10015.4638671875,
993,6957,,,10415.4384765625
993,6957,0.8099575638771057,10014.6982421875,
994,6964,,,10411.1240234375
994,6964,0.8128917813301086,10019.515625,
995,6971,,,10405.4501953125
995,6971,0.8097090125083923,10015.05859375,
996,6978,,,10415.6884765625
996,6978,0.8122544288635254,10018.8681640625,
997,6985,,,10407.9072265625
997,6985,0.8104645609855652,10024.513671875,
998,6992,,,10413.0390625
998,6992,0.8108901381492615,10020.1357421875,
999,6999,,,10408.92578125
999,6999,0.809052586555481,10017.4248046875,
