epoch,step,test_loss,time_forward,train_loss,valid_loss
0,3,,,,38199.91015625
0,3,,0.9937379956245422,36478.9140625,
1,7,,,,34520.0625
1,7,,0.9737749695777893,34259.125,
2,11,,,,30089.79296875
2,11,,0.9710639119148254,31056.916015625,
3,15,,,,26972.025390625
3,15,,0.9661926627159119,27465.498046875,
4,19,,,,24703.376953125
4,19,,0.9663987159729004,24670.11328125,
5,23,,,,20879.46484375
5,23,,0.9647848606109619,21726.568359375,
6,27,,,,18827.099609375
6,27,,0.9646430015563965,19426.69140625,
7,31,,,,17601.3203125
7,31,,0.9651162028312683,17472.9140625,
8,35,,,,15883.7421875
8,35,,0.9691782593727112,16123.5224609375,
9,39,,,,14999.546875
9,39,,0.9659302234649658,14924.453125,
10,43,,,,13983.255859375
10,43,,0.9665250778198242,14143.751953125,
11,47,,,,13714.109375
11,47,,0.9665819406509399,13450.01953125,
12,51,,,,13420.2333984375
12,51,,0.9670082926750183,13078.5771484375,
13,55,,,,13386.396484375
13,55,,0.9659952521324158,12841.603515625,
14,59,,,,13031.1845703125
14,59,,0.9653628468513489,12730.884765625,
15,63,,,,13126.23046875
15,63,,0.985434353351593,12546.69921875,
16,67,,,,12859.0771484375
16,67,,0.9670288562774658,12495.2919921875,
17,71,,,,12821.236328125
17,71,,0.9696230292320251,12408.7578125,
18,75,,,,12750.330078125
18,75,,0.9676576852798462,12289.5751953125,
19,79,,,,12641.677734375
19,79,,0.9658541083335876,12227.697265625,
20,83,,,,12816.3564453125
20,83,,0.9690388441085815,12199.1767578125,
21,87,,,,12657.3232421875
21,87,,0.9652941823005676,12248.8740234375,
22,91,,,,12760.08203125
22,91,,0.9644686579704285,12146.591796875,
23,95,,,,12568.48828125
23,95,,0.9713883996009827,12164.0810546875,
24,99,,,,12644.181640625
24,99,,0.9728360772132874,12104.806640625,
25,103,,,,12565.4541015625
25,103,,0.9758622646331787,12147.337890625,
26,107,,,,12453.2001953125
26,107,,0.9697623252868652,12075.556640625,
27,111,,,,12492.09375
27,111,,0.9772717356681824,11974.4814453125,
28,115,,,,12553.005859375
28,115,,0.9729865193367004,11989.1474609375,
29,119,,,,12410.0400390625
29,119,,0.973074734210968,11963.6376953125,
30,123,,,,12345.94140625
30,123,,0.9704336524009705,11897.9150390625,
31,127,,,,12331.83984375
31,127,,0.9782349467277527,11895.9189453125,
32,131,,,,12358.2099609375
32,131,,0.9816820025444031,11906.587890625,
33,135,,,,12305.8984375
33,135,,0.9772682785987854,11835.8955078125,
34,139,,,,12327.748046875
34,139,,0.9805243611335754,11833.40234375,
35,143,,,,12259.16015625
35,143,,0.9772128462791443,11793.9365234375,
36,147,,,,12257.4873046875
36,147,,0.9694891571998596,11780.462890625,
37,151,,,,12222.34765625
37,151,,0.9787253737449646,11748.3076171875,
38,155,,,,12171.40625
38,155,,1.027292013168335,11728.8857421875,
39,159,,,,12195.154296875
39,159,,1.121193766593933,11704.9599609375,
40,163,,,,12137.5263671875
40,163,,1.1271436214447021,11676.91796875,
41,167,,,,12095.998046875
41,167,,1.1273752450942993,11677.009765625,
42,171,,,,12096.634765625
42,171,,1.160085678100586,11645.2509765625,
43,175,,,,12080.6240234375
43,175,,1.1331298351287842,11629.1025390625,
44,179,,,,12089.1943359375
44,179,,1.1301329135894775,11601.6552734375,
45,183,,,,12036.630859375
45,183,,1.1204230785369873,11586.1845703125,
46,187,,,,11996.3740234375
46,187,,1.13164484500885,11573.6337890625,
47,191,,,,12003.8701171875
47,191,,1.1324559450149536,11553.708984375,
48,195,,,,11994.7158203125
48,195,,1.1333703994750977,11530.9462890625,
49,199,,,,11965.0712890625
49,199,,1.132145643234253,11510.978515625,
50,203,,,,11924.416015625
50,203,,1.1303110122680664,11504.27734375,
51,207,,,,11920.5087890625
51,207,,1.1296718120574951,11485.896484375,
52,211,,,,11938.990234375
52,211,,1.1309750080108643,11464.1416015625,
53,215,,,,11884.8896484375
53,215,,1.1381312608718872,11449.01171875,
54,219,,,,11850.1689453125
54,219,,1.1328706741333008,11434.34765625,
55,223,,,,11856.2373046875
55,223,,1.1305869817733765,11420.5283203125,
56,227,,,,11847.00390625
56,227,,1.1291534900665283,11400.4013671875,
57,231,,,,11826.5966796875
57,231,,1.137096881866455,11389.7109375,
58,235,,,,11796.671875
58,235,,1.1346243619918823,11371.958984375,
59,239,,,,11778.5244140625
59,239,,1.1366164684295654,11357.22265625,
60,243,,,,11776.8935546875
60,243,,1.1247245073318481,11342.326171875,
61,247,,,,11757.439453125
61,247,,1.138877272605896,11329.99609375,
62,251,,,,11744.2763671875
62,251,,1.136717438697815,11311.9482421875,
63,255,,,,11715.6748046875
63,255,,1.1394867897033691,11303.2099609375,
64,259,,,,11727.6103515625
64,259,,1.1229667663574219,11283.9931640625,
65,263,,,,11689.314453125
65,263,,1.131516456604004,11274.3369140625,
66,267,,,,11681.115234375
66,267,,1.128075122833252,11257.8525390625,
67,271,,,,11663.6572265625
67,271,,1.1370981931686401,11245.8095703125,
68,275,,,,11654.6103515625
68,275,,1.1312681436538696,11226.533203125,
69,279,,,,11624.857421875
69,279,,1.1308720111846924,11219.84375,
70,283,,,,11629.4296875
70,283,,1.1194860935211182,11198.376953125,
71,287,,,,11605.9453125
71,287,,1.1161415576934814,11189.6787109375,
72,291,,,,11589.931640625
72,291,,1.1255747079849243,11175.7197265625,
73,295,,,,11550.16796875
73,295,,1.1445119380950928,11158.525390625,
74,299,,,,11520.6298828125
74,299,,1.12689208984375,11145.455078125,
75,303,,,,11507.5341796875
75,303,,1.1284387111663818,11123.09375,
76,307,,,,11479.5615234375
76,307,,1.1337223052978516,11095.431640625,
77,311,,,,11472.84765625
77,311,,1.1214874982833862,11072.84765625,
78,315,,,,11429.732421875
78,315,,1.1266690492630005,11068.001953125,
79,319,,,,11486.4384765625
79,319,,1.129171371459961,11075.47265625,
80,323,,,,11416.646484375
80,323,,1.130289912223816,11063.79296875,
81,327,,,,11392.9931640625
81,327,,1.1300603151321411,11022.3017578125,
82,331,,,,11468.673828125
82,331,,1.1360323429107666,11010.634765625,
83,335,,,,11370.6552734375
83,335,,1.128994345664978,11049.4228515625,
84,339,,,,11369.236328125
84,339,,1.1326627731323242,11022.802734375,
85,343,,,,11338.3076171875
85,343,,1.1282389163970947,10978.1044921875,
86,347,,,,11443.9140625
86,347,,1.122409701347351,10957.986328125,
87,351,,,,11364.1416015625
87,351,,1.1365904808044434,10992.4755859375,
88,355,,,,11381.4775390625
88,355,,1.1150087118148804,10948.96484375,
89,359,,,,11501.8720703125
89,359,,1.1151702404022217,10968.8369140625,
90,363,,,,11457.154296875
90,363,,1.1172150373458862,11027.5478515625,
91,367,,,,11322.1376953125
91,367,,1.1224056482315063,10994.8798828125,
92,371,,,,11296.935546875
92,371,,1.125404953956604,10953.5107421875,
93,375,,,,11277.4482421875
93,375,,1.1337637901306152,10919.732421875,
94,379,,,,11244.498046875
94,379,,1.1262706518173218,10904.96484375,
95,383,,,,11225.3984375
95,383,,1.130031704902649,10892.3642578125,
96,387,,,,11238.9521484375
96,387,,1.1297975778579712,10867.634765625,
97,391,,,,11219.587890625
97,391,,1.1261003017425537,10857.9580078125,
98,395,,,,11199.7333984375
98,395,,1.1348466873168945,10850.5927734375,
99,399,,,,11186.3212890625
99,399,,1.1398156881332397,10838.85546875,
100,403,,,,11178.8291015625
100,403,,1.1344465017318726,10833.611328125,
101,407,,,,11175.9658203125
101,407,,1.1254421472549438,10822.6337890625,
102,411,,,,11169.177734375
102,411,,1.1385334730148315,10813.2841796875,
103,415,,,,11159.818359375
103,415,,1.138414978981018,10803.8916015625,
104,419,,,,11148.517578125
104,419,,1.1365653276443481,10799.3525390625,
105,423,,,,11147.0517578125
105,423,,1.1309252977371216,10789.5283203125,
106,427,,,,11137.7470703125
106,427,,1.1294739246368408,10782.048828125,
107,431,,,,11123.4560546875
107,431,,1.134621262550354,10775.8994140625,
108,435,,,,11118.8876953125
108,435,,1.1308948993682861,10769.8525390625,
109,439,,,,11116.5400390625
109,439,,1.1277365684509277,10762.1435546875,
110,443,,,,11111.9921875
110,443,,1.1280256509780884,10760.662109375,
111,447,,,,11108.333984375
111,447,,1.1276811361312866,10751.7978515625,
112,451,,,,11098.0576171875
112,451,,1.133192777633667,10749.208984375,
113,455,,,,11093.18359375
113,455,,1.1356910467147827,10738.3798828125,
114,459,,,,11083.337890625
114,459,,1.1358360052108765,10733.5458984375,
115,463,,,,11083.62890625
115,463,,1.1246516704559326,10731.79296875,
116,467,,,,11081.82421875
116,467,,1.1298259496688843,10720.5400390625,
117,471,,,,11071.3046875
117,471,,1.131064772605896,10717.08203125,
118,475,,,,11059.642578125
118,475,,1.134285807609558,10710.552734375,
119,479,,,,11057.2744140625
119,479,,1.1216039657592773,10708.1650390625,
120,483,,,,11059.0283203125
120,483,,1.1223520040512085,10701.6474609375,
121,487,,,,11047.52734375
121,487,,1.1210193634033203,10693.8095703125,
122,491,,,,11040.40234375
122,491,,1.118464708328247,10686.2744140625,
123,495,,,,11041.3701171875
123,495,,1.132275938987732,10685.0419921875,
124,499,,,,11034.287109375
124,499,,1.1344858407974243,10677.1357421875,
125,503,,,,11026.248046875
125,503,,1.1396408081054688,10673.744140625,
126,507,,,,11022.998046875
126,507,,1.1329342126846313,10663.7734375,
127,511,,,,11018.7685546875
127,511,,1.1323621273040771,10662.689453125,
128,515,,,,11011.46484375
128,515,,1.1317580938339233,10659.21484375,
129,519,,,,11005.431640625
129,519,,1.1348410844802856,10654.3125,
130,523,,,,11004.1357421875
130,523,,1.1360409259796143,10647.8671875,
131,527,,,,10999.75
131,527,,1.1403599977493286,10643.837890625,
132,531,,,,10997.73046875
132,531,,1.1362956762313843,10643.146484375,
133,535,,,,10995.25390625
133,535,,1.1276425123214722,10632.8017578125,
134,539,,,,10987.1328125
134,539,,1.1298903226852417,10631.1826171875,
135,543,,,,10978.29296875
135,543,,1.1324408054351807,10625.4345703125,
136,547,,,,10974.14453125
136,547,,1.133646845817566,10623.3916015625,
137,551,,,,10974.404296875
137,551,,1.14235258102417,10618.4130859375,
138,555,,,,10969.7939453125
138,555,,1.1390856504440308,10611.8330078125,
139,559,,,,10967.814453125
139,559,,1.1301988363265991,10609.7861328125,
140,563,,,,10966.8935546875
140,563,,1.1236491203308105,10608.8798828125,
141,567,,,,10966.255859375
141,567,,1.1382564306259155,10603.08203125,
142,571,,,,10952.67578125
142,571,,1.1355805397033691,10600.1591796875,
143,575,,,,10953.4208984375
143,575,,1.1347883939743042,10591.837890625,
144,579,,,,10947.0595703125
144,579,,1.121095061302185,10593.044921875,
145,583,,,,10948.41796875
145,583,,1.1349223852157593,10588.2255859375,
146,587,,,,10941.6162109375
146,587,,1.1357747316360474,10584.6640625,
147,591,,,,10940.8115234375
147,591,,1.1273761987686157,10577.7841796875,
148,595,,,,10936.01953125
148,595,,1.1312787532806396,10577.896484375,
149,599,,,,10941.505859375
149,599,,1.146438717842102,10571.8798828125,
150,603,,,,10921.1435546875
150,603,,1.1219912767410278,10571.544921875,
151,607,,,,10924.33984375
151,607,,1.1384289264678955,10563.9697265625,
152,611,,,,10921.2421875
152,611,,1.1303426027297974,10560.044921875,
153,615,,,,10917.2041015625
153,615,,1.1372119188308716,10556.0166015625,
154,619,,,,10912.390625
154,619,,1.1370484828948975,10556.197265625,
155,623,,,,10908.4091796875
155,623,,1.1324678659439087,10546.1572265625,
156,627,,,,10903.1962890625
156,627,,1.1375007629394531,10545.234375,
157,631,,,,10900.8720703125
157,631,,1.140259027481079,10543.4814453125,
158,635,,,,10901.3037109375
158,635,,1.1405128240585327,10534.10546875,
159,639,,,,10890.5595703125
159,639,,1.136120319366455,10533.84765625,
160,643,,,,10888.59375
160,643,,1.136481761932373,10531.1982421875,
161,647,,,,10893.251953125
161,647,,1.1383569240570068,10524.197265625,
162,651,,,,10885.814453125
162,651,,1.1369223594665527,10524.44921875,
163,655,,,,10879.3994140625
163,655,,1.1376945972442627,10524.8876953125,
164,659,,,,10888.5986328125
164,659,,1.1397064924240112,10520.544921875,
165,663,,,,10880.2529296875
165,663,,1.139229655265808,10518.953125,
166,667,,,,10872.015625
166,667,,1.1362848281860352,10516.0,
167,671,,,,10878.8798828125
167,671,,1.1352940797805786,10508.7138671875,
168,675,,,,10870.4892578125
168,675,,1.1316050291061401,10505.8359375,
169,679,,,,10869.8798828125
169,679,,1.1449130773544312,10505.287109375,
170,683,,,,10867.5537109375
170,683,,1.1398800611495972,10501.2021484375,
171,687,,,,10861.9033203125
171,687,,1.1385135650634766,10499.6552734375,
172,691,,,,10856.8720703125
172,691,,1.1393450498580933,10497.8779296875,
173,695,,,,10864.3896484375
173,695,,1.143608570098877,10491.001953125,
174,699,,,,10857.9384765625
174,699,,1.1481417417526245,10494.873046875,
175,703,,,,10857.2099609375
175,703,,1.1423654556274414,10496.0400390625,
176,707,,,,10859.7578125
176,707,,1.1427311897277832,10490.1806640625,
177,711,,,,10855.3759765625
177,711,,1.1402969360351562,10489.3173828125,
178,715,,,,10851.0498046875
178,715,,1.1361587047576904,10483.7890625,
179,719,,,,10850.7099609375
179,719,,1.1364094018936157,10480.263671875,
180,723,,,,10837.431640625
180,723,,1.1425267457962036,10478.8154296875,
181,727,,,,10840.419921875
181,727,,1.135711908340454,10476.5537109375,
182,731,,,,10833.9873046875
182,731,,1.1404519081115723,10470.3662109375,
183,735,,,,10832.07421875
183,735,,1.1387362480163574,10469.0908203125,
184,739,,,,10829.1083984375
184,739,,1.1360278129577637,10467.22265625,
185,743,,,,10834.353515625
185,743,,1.1406446695327759,10463.5068359375,
186,747,,,,10830.3623046875
186,747,,1.1309758424758911,10464.3349609375,
187,751,,,,10830.9990234375
187,751,,1.1253501176834106,10461.28125,
188,755,,,,10825.998046875
188,755,,1.138819932937622,10458.873046875,
189,759,,,,10823.7021484375
189,759,,1.1379531621932983,10458.3427734375,
190,763,,,,10823.1123046875
190,763,,1.142922282218933,10457.4599609375,
191,767,,,,10826.505859375
191,767,,1.138695478439331,10454.1572265625,
192,771,,,,10827.2373046875
192,771,,1.1340727806091309,10450.732421875,
193,775,,,,10816.1962890625
193,775,,1.1400346755981445,10451.26953125,
194,779,,,,10816.5380859375
194,779,,1.129022479057312,10448.3671875,
195,783,,,,10810.9521484375
195,783,,1.1414698362350464,10445.529296875,
196,787,,,,10810.5771484375
196,787,,1.1379517316818237,10444.2373046875,
197,791,,,,10811.66015625
197,791,,1.1306499242782593,10441.1240234375,
198,795,,,,10802.015625
198,795,,1.142783761024475,10443.34765625,
199,799,,,,10807.744140625
199,799,,1.1413682699203491,10437.5927734375,
200,803,,,,10808.6640625
200,803,,1.1424866914749146,10437.1748046875,
201,807,,,,10796.5
201,807,,1.140136957168579,10435.25390625,
202,811,,,,10798.43359375
202,811,,1.1422500610351562,10431.7626953125,
203,815,,,,10798.1064453125
203,815,,1.1421823501586914,10431.3779296875,
204,819,,,,10797.716796875
204,819,,1.1419976949691772,10432.53515625,
205,823,,,,10805.4453125
205,823,,1.1350539922714233,10427.7490234375,
206,827,,,,10794.736328125
206,827,,1.137410283088684,10429.5,
207,831,,,,10796.279296875
207,831,,1.1444981098175049,10425.033203125,
208,835,,,,10794.408203125
208,835,,1.1405116319656372,10421.486328125,
209,839,,,,10790.2275390625
209,839,,1.135054111480713,10422.73046875,
210,843,,,,10793.17578125
210,843,,1.143019676208496,10420.568359375,
211,847,,,,10783.6142578125
211,847,,1.1397236585617065,10419.3212890625,
212,851,,,,10784.6142578125
212,851,,1.1387732028961182,10417.453125,
213,855,,,,10797.8857421875
213,855,,1.1322259902954102,10414.3994140625,
214,859,,,,10784.08203125
214,859,,1.1421465873718262,10415.775390625,
215,863,,,,10788.669921875
215,863,,1.1410255432128906,10416.623046875,
216,867,,,,10807.4658203125
216,867,,1.134056806564331,10414.634765625,
217,871,,,,10773.634765625
217,871,,1.1413995027542114,10416.689453125,
218,875,,,,10806.1943359375
218,875,,1.141980767250061,10415.2138671875,
219,879,,,,10786.5947265625
219,879,,1.1445156335830688,10411.759765625,
220,883,,,,10769.6484375
220,883,,1.141662359237671,10401.953125,
221,887,,,,10814.6318359375
221,887,,1.1468455791473389,10430.02734375,
222,891,,,,10782.494140625
222,891,,1.1337367296218872,10420.6103515625,
223,895,,,,10789.7880859375
223,895,,1.139506220817566,10415.29296875,
224,899,,,,10787.669921875
224,899,,1.1385072469711304,10406.3662109375,
225,903,,,,10779.30078125
225,903,,1.1386967897415161,10397.0537109375,
226,907,,,,10778.060546875
226,907,,1.1389254331588745,10391.6572265625,
227,911,,,,10768.43359375
227,911,,1.1403491497039795,10387.1474609375,
228,915,,,,10852.1123046875
228,915,,1.1424338817596436,10407.4521484375,
229,919,,,,10778.693359375
229,919,,1.136539101600647,10416.7431640625,
230,923,,,,10790.01171875
230,923,,1.1368943452835083,10403.7265625,
231,927,,,,10805.7880859375
231,927,,1.136259913444519,10411.0986328125,
232,931,,,,10773.0185546875
232,931,,1.136529803276062,10394.91796875,
233,935,,,,10827.330078125
233,935,,1.1347686052322388,10397.80078125,
234,939,,,,10763.671875
234,939,,1.1352920532226562,10392.1162109375,
235,943,,,,10757.5673828125
235,943,,1.1372997760772705,10377.0166015625,
236,947,,,,10753.9130859375
236,947,,1.1432536840438843,10371.4365234375,
237,951,,,,10749.9638671875
237,951,,1.1419036388397217,10373.150390625,
238,955,,,,10759.345703125
238,955,,1.1430482864379883,10364.1005859375,
239,959,,,,10747.0712890625
239,959,,1.140976905822754,10366.0732421875,
240,963,,,,10750.1923828125
240,963,,1.1455672979354858,10375.2578125,
241,967,,,,10758.34375
241,967,,1.1475220918655396,10374.560546875,
242,971,,,,10740.814453125
242,971,,1.1389411687850952,10389.03515625,
243,975,,,,10749.51953125
243,975,,1.1391781568527222,10372.7978515625,
244,979,,,,10738.6201171875
244,979,,1.1398601531982422,10372.6689453125,
245,983,,,,10739.3271484375
245,983,,1.138465404510498,10363.1328125,
246,987,,,,10738.9775390625
246,987,,1.1390655040740967,10364.2158203125,
247,991,,,,10733.90234375
247,991,,1.1433049440383911,10359.267578125,
248,995,,,,10731.0947265625
248,995,,1.137755036354065,10357.05859375,
249,999,,,,10728.1728515625
249,999,,1.1454029083251953,10353.7275390625,
250,1003,,,,10725.8662109375
250,1003,,1.1393204927444458,10353.10546875,
251,1007,,,,10726.6904296875
251,1007,,1.1361643075942993,10351.1640625,
252,1011,,,,10725.6572265625
252,1011,,1.1398594379425049,10348.5537109375,
253,1015,,,,10722.2060546875
253,1015,,1.1412091255187988,10351.1552734375,
254,1019,,,,10720.8056640625
254,1019,,1.1409568786621094,10352.1787109375,
255,1023,,,,10724.654296875
255,1023,,1.143491506576538,10347.9580078125,
256,1027,,,,10724.4267578125
256,1027,,1.1355419158935547,10347.150390625,
257,1031,,,,10717.81640625
257,1031,,1.1402837038040161,10346.486328125,
258,1035,,,,10717.0283203125
258,1035,,1.1434295177459717,10344.4580078125,
259,1039,,,,10714.6083984375
259,1039,,1.1432173252105713,10344.197265625,
260,1043,,,,10710.6181640625
260,1043,,1.1616735458374023,10343.138671875,
261,1047,,,,10716.3232421875
261,1047,,1.1630418300628662,10340.765625,
262,1051,,,,10712.3564453125
262,1051,,1.1330605745315552,10340.029296875,
263,1055,,,,10715.3798828125
263,1055,,1.1317243576049805,10337.0419921875,
264,1059,,,,10712.0224609375
264,1059,,1.1218881607055664,10336.9345703125,
265,1063,,,,10707.6025390625
265,1063,,1.1326528787612915,10337.373046875,
266,1067,,,,10707.2802734375
266,1067,,1.1335010528564453,10333.958984375,
267,1071,,,,10709.2744140625
267,1071,,1.1277676820755005,10335.7734375,
268,1075,,,,10704.6796875
268,1075,,1.125038504600525,10332.58203125,
269,1079,,,,10710.982421875
269,1079,,1.1343315839767456,10332.2568359375,
270,1083,,,,10903.6484375
270,1083,,1.1325589418411255,10454.0166015625,
271,1087,,,,34348071911424.0
271,1087,,1.1218210458755493,19404.318359375,
272,1091,,,,32548.31640625
272,1091,,1.1285345554351807,685044599357440.0,
273,1095,,,,149308.84375
273,1095,,1.1309884786605835,20038.169921875,
274,1099,,,,14961.6181640625
274,1099,,1.121634840965271,32292734.0,
275,1103,,,,16726.755859375
275,1103,,1.1312694549560547,14118.814453125,
276,1107,,,,12235.9521484375
276,1107,,1.1236943006515503,13709.162109375,
277,1111,,,,12043.5419921875
277,1111,,1.130821943283081,11679.8447265625,
278,1115,,,,11650.1142578125
278,1115,,1.1311850547790527,11849.603515625,
279,1119,,,,11383.4033203125
279,1119,,1.1280473470687866,11409.5048828125,
280,1123,,,,11314.234375
280,1123,,1.129309892654419,11300.734375,
281,1127,,,,11228.5595703125
281,1127,,1.1267465353012085,10932.69140625,
282,1131,,,,11142.9775390625
282,1131,,1.1272114515304565,10862.1708984375,
283,1135,,,,11212.6162109375
283,1135,,1.125156044960022,10846.8505859375,
284,1139,,,,11098.6494140625
284,1139,,1.1257877349853516,10829.87890625,
285,1143,,,,11177.017578125
285,1143,,1.1281466484069824,10719.1796875,
286,1147,,,,11000.58203125
286,1147,,1.113308310508728,10782.7275390625,
287,1151,,,,10953.25
287,1151,,1.125922441482544,10603.767578125,
288,1155,,,,10891.2490234375
288,1155,,1.1174904108047485,10559.4873046875,
289,1159,,,,10883.3642578125
289,1159,,1.1195313930511475,10527.8046875,
290,1163,,,,10843.5439453125
290,1163,,1.121832013130188,10485.048828125,
291,1167,,,,10844.0263671875
291,1167,,1.1175943613052368,10496.814453125,
292,1171,,,,10844.984375
292,1171,,1.1408069133758545,10463.6103515625,
293,1175,,,,10838.724609375
293,1175,,1.1201159954071045,10455.505859375,
294,1179,,,,10793.9384765625
294,1179,,1.1300914287567139,10435.5888671875,
295,1183,,,,10794.7724609375
295,1183,,1.129940390586853,10424.5654296875,
296,1187,,,,10817.3701171875
296,1187,,1.1235677003860474,10411.1201171875,
297,1191,,,,10791.150390625
297,1191,,1.128012776374817,10417.650390625,
298,1195,,,,10784.1884765625
298,1195,,1.1332900524139404,10402.0634765625,
299,1199,,,,10778.4013671875
299,1199,,1.1249620914459229,10397.2138671875,
300,1203,,,,10763.2744140625
300,1203,,1.130944848060608,10383.46875,
301,1207,,,,10765.333984375
301,1207,,1.1286354064941406,10384.029296875,
302,1211,,,,10764.005859375
302,1211,,1.1366727352142334,10372.85546875,
303,1215,,,,10749.3798828125
303,1215,,1.1284818649291992,10371.126953125,
304,1219,,,,10750.0908203125
304,1219,,1.1261274814605713,10365.544921875,
305,1223,,,,10742.7841796875
305,1223,,1.1462593078613281,10363.056640625,
306,1227,,,,10744.599609375
306,1227,,1.1264185905456543,10357.408203125,
307,1231,,,,10733.330078125
307,1231,,1.1367501020431519,10354.8662109375,
308,1235,,,,10735.3095703125
308,1235,,1.1302716732025146,10351.4228515625,
309,1239,,,,10735.5400390625
309,1239,,1.1325594186782837,10347.7578125,
310,1243,,,,10730.33203125
310,1243,,1.122123122215271,10345.40625,
311,1247,,,,10728.3984375
311,1247,,1.1230038404464722,10342.412109375,
312,1251,,,,10725.78125
312,1251,,1.1297153234481812,10343.650390625,
313,1255,,,,10727.8232421875
313,1255,,1.13038969039917,10339.1201171875,
314,1259,,,,10720.1533203125
314,1259,,1.1249566078186035,10338.3095703125,
315,1263,,,,10724.01171875
315,1263,,1.1365457773208618,10335.5,
316,1267,,,,10719.185546875
316,1267,,1.1250457763671875,10333.5869140625,
317,1271,,,,10722.2080078125
317,1271,,1.1324573755264282,10332.9462890625,
318,1275,,,,10717.8486328125
318,1275,,1.1302852630615234,10329.8359375,
319,1279,,,,10716.0078125
319,1279,,1.1150659322738647,10329.734375,
320,1283,,,,10717.6904296875
320,1283,,1.117148518562317,10326.6748046875,
321,1287,,,,10711.41796875
321,1287,,1.1146752834320068,10324.8125,
322,1291,,,,10706.1826171875
322,1291,,1.1095114946365356,10324.6787109375,
323,1295,,,,10704.98046875
323,1295,,1.1098719835281372,10322.509765625,
324,1299,,,,10707.34375
324,1299,,1.10881769657135,10321.2890625,
325,1303,,,,10704.220703125
325,1303,,1.1089136600494385,10319.708984375,
326,1307,,,,10701.9697265625
326,1307,,1.1185643672943115,10317.9599609375,
327,1311,,,,10702.4736328125
327,1311,,1.1204545497894287,10316.5517578125,
328,1315,,,,10698.1298828125
328,1315,,1.1159648895263672,10315.591796875,
329,1319,,,,10697.7998046875
329,1319,,1.1289290189743042,10315.009765625,
330,1323,,,,10697.5517578125
330,1323,,1.1190568208694458,10314.521484375,
331,1327,,,,10700.9521484375
331,1327,,1.1191411018371582,10311.681640625,
332,1331,,,,10705.1640625
332,1331,,1.1226516962051392,10309.35546875,
333,1335,,,,10702.0859375
333,1335,,1.1155486106872559,10308.4580078125,
334,1339,,,,10696.9736328125
334,1339,,1.110352873802185,10308.9375,
335,1343,,,,10696.4677734375
335,1343,,1.1118495464324951,10308.998046875,
336,1347,,,,10694.40234375
336,1347,,1.113350510597229,10306.638671875,
337,1351,,,,10693.75390625
337,1351,,1.1115583181381226,10305.42578125,
338,1355,,,,10693.361328125
338,1355,,1.118003249168396,10305.001953125,
339,1359,,,,10689.2255859375
339,1359,,1.114277720451355,10303.8662109375,
340,1363,,,,10689.2275390625
340,1363,,1.1184587478637695,10302.8603515625,
341,1367,,,,10687.59765625
341,1367,,1.117958664894104,10302.23046875,
342,1371,,,,10685.0087890625
342,1371,,1.1228253841400146,10299.8447265625,
343,1375,,,,10688.9111328125
343,1375,,1.1213905811309814,10300.8525390625,
344,1379,,,,10688.2802734375
344,1379,,1.10912024974823,10298.58203125,
345,1383,,,,10680.10546875
345,1383,,1.1149041652679443,10299.205078125,
346,1387,,,,10689.244140625
346,1387,,1.1148474216461182,10298.3505859375,
347,1391,,,,10683.806640625
347,1391,,1.1149579286575317,10295.8955078125,
348,1395,,,,10673.583984375
348,1395,,1.1170626878738403,10297.8544921875,
349,1399,,,,10692.380859375
349,1399,,1.1299322843551636,10295.673828125,
350,1403,,,,10674.1328125
350,1403,,1.120172142982483,10294.126953125,
351,1407,,,,10707.6240234375
351,1407,,1.1133999824523926,10296.6669921875,
352,1411,,,,10681.0439453125
352,1411,,1.1221919059753418,10301.3603515625,
353,1415,,,,10678.068359375
353,1415,,1.1156089305877686,10294.0947265625,
354,1419,,,,10696.0029296875
354,1419,,1.1146944761276245,10292.1337890625,
355,1423,,,,10675.244140625
355,1423,,1.1138306856155396,10301.4013671875,
356,1427,,,,10674.0458984375
356,1427,,1.1243151426315308,10296.4892578125,
357,1431,,,,10661.90625
357,1431,,1.1220524311065674,10292.009765625,
358,1435,,,,10666.55078125
358,1435,,1.1141397953033447,10288.609375,
359,1439,,,,10667.1259765625
359,1439,,1.115381121635437,10287.1552734375,
360,1443,,,,10661.7275390625
360,1443,,1.115234136581421,10284.453125,
361,1447,,,,10664.6064453125
361,1447,,1.123136281967163,10283.46484375,
362,1451,,,,10656.8212890625
362,1451,,1.1252975463867188,10280.87109375,
363,1455,,,,10650.5322265625
363,1455,,1.1259207725524902,10276.2578125,
364,1459,,,,10649.6796875
364,1459,,1.1174900531768799,10272.908203125,
365,1463,,,,10646.4658203125
365,1463,,1.1122406721115112,10271.4052734375,
366,1467,,,,10643.65234375
366,1467,,1.1199458837509155,10269.3759765625,
367,1471,,,,10654.9931640625
367,1471,,1.1189101934432983,10273.46875,
368,1475,,,,10672.951171875
368,1475,,1.1100634336471558,10277.5419921875,
369,1479,,,,10693.8193359375
369,1479,,1.1124017238616943,10290.984375,
370,1483,,,,10651.865234375
370,1483,,1.106991171836853,10288.814453125,
371,1487,,,,10652.1142578125
371,1487,,1.11240553855896,10275.046875,
372,1491,,,,10678.40625
372,1491,,1.1161504983901978,10271.8564453125,
373,1495,,,,10672.9638671875
373,1495,,1.1105167865753174,10285.1728515625,
374,1499,,,,10695.6884765625
374,1499,,1.1048656702041626,10280.482421875,
375,1503,,,,10663.8623046875
375,1503,,1.11031174659729,10282.2607421875,
376,1507,,,,10664.2744140625
376,1507,,1.1110668182373047,10273.470703125,
377,1511,,,,10660.9462890625
377,1511,,1.1108367443084717,10272.951171875,
378,1515,,,,10673.4140625
378,1515,,1.1174118518829346,10270.7607421875,
379,1519,,,,10665.3740234375
379,1519,,1.1150327920913696,10271.6669921875,
380,1523,,,,10657.3359375
380,1523,,1.11184561252594,10269.6533203125,
381,1527,,,,10650.734375
381,1527,,1.1223595142364502,10267.3681640625,
382,1531,,,,10660.6376953125
382,1531,,1.1061679124832153,10263.208984375,
383,1535,,,,10657.4599609375
383,1535,,1.1041666269302368,10264.0654296875,
384,1539,,,,10653.263671875
384,1539,,1.109025239944458,10262.169921875,
385,1543,,,,10652.24609375
385,1543,,1.115910530090332,10260.986328125,
386,1547,,,,10650.58984375
386,1547,,1.1091500520706177,10262.048828125,
387,1551,,,,10653.318359375
387,1551,,1.1060842275619507,10259.3896484375,
388,1555,,,,10656.8564453125
388,1555,,1.122405767440796,10261.8330078125,
389,1559,,,,10651.078125
389,1559,,1.1169544458389282,10259.953125,
390,1563,,,,10654.43359375
390,1563,,1.1151896715164185,10258.4833984375,
391,1567,,,,10650.25390625
391,1567,,1.1058765649795532,10259.474609375,
392,1571,,,,10656.9501953125
392,1571,,1.11152184009552,10256.9228515625,
393,1575,,,,10647.853515625
393,1575,,1.113333821296692,10260.5185546875,
394,1579,,,,10643.82421875
394,1579,,1.1139851808547974,10256.5751953125,
395,1583,,,,10647.1103515625
395,1583,,1.1106524467468262,10256.3212890625,
396,1587,,,,10644.83203125
396,1587,,1.1157439947128296,10255.3759765625,
397,1591,,,,10642.16796875
397,1591,,1.1220957040786743,10253.7255859375,
398,1595,,,,10643.873046875
398,1595,,1.1164244413375854,10253.4345703125,
399,1599,,,,10645.083984375
399,1599,,1.113718032836914,10253.54296875,
400,1603,,,,10648.9521484375
400,1603,,1.1071771383285522,10251.87109375,
401,1607,,,,10646.5634765625
401,1607,,1.1142159700393677,10254.0546875,
402,1611,,,,10643.2080078125
402,1611,,1.1291272640228271,10251.748046875,
403,1615,,,,10640.822265625
403,1615,,1.126038908958435,10252.3896484375,
404,1619,,,,10638.9638671875
404,1619,,1.1313416957855225,10250.4365234375,
405,1623,,,,10639.0224609375
405,1623,,1.115250587463379,10249.443359375,
406,1627,,,,10644.4677734375
406,1627,,1.1182782649993896,10248.8896484375,
407,1631,,,,10642.115234375
407,1631,,1.1288630962371826,10250.3125,
408,1635,,,,10632.2939453125
408,1635,,1.1244741678237915,10249.9287109375,
409,1639,,,,10633.83984375
409,1639,,1.120537281036377,10248.1494140625,
410,1643,,,,10639.8681640625
410,1643,,1.1231480836868286,10246.0283203125,
411,1647,,,,10640.11328125
411,1647,,1.1181305646896362,10248.19921875,
412,1651,,,,10636.71875
412,1651,,1.112703800201416,10247.46484375,
413,1655,,,,10642.0361328125
413,1655,,1.1280901432037354,10247.3427734375,
414,1659,,,,10647.4619140625
414,1659,,1.124784231185913,10247.8076171875,
415,1663,,,,10639.982421875
415,1663,,1.1140518188476562,10248.2509765625,
416,1667,,,,10635.767578125
416,1667,,1.1224455833435059,10246.2734375,
417,1671,,,,10636.3984375
417,1671,,1.122750163078308,10247.1845703125,
418,1675,,,,10634.595703125
418,1675,,1.11969792842865,10247.6455078125,
419,1679,,,,10631.0224609375
419,1679,,1.1281661987304688,10244.013671875,
420,1683,,,,10639.533203125
420,1683,,1.1235917806625366,10243.2041015625,
421,1687,,,,10640.3974609375
421,1687,,1.117310643196106,10244.0654296875,
422,1691,,,,10634.4501953125
422,1691,,1.1194372177124023,10243.0185546875,
423,1695,,,,10626.857421875
423,1695,,1.116652250289917,10241.765625,
424,1699,,,,10627.0361328125
424,1699,,1.1170140504837036,10240.60546875,
425,1703,,,,10635.4345703125
425,1703,,1.1291247606277466,10238.4345703125,
426,1707,,,,10633.986328125
426,1707,,1.12935209274292,10240.03125,
427,1711,,,,10630.5791015625
427,1711,,1.125543475151062,10239.62890625,
428,1715,,,,10629.0947265625
428,1715,,1.1193997859954834,10238.2158203125,
429,1719,,,,10625.208984375
429,1719,,1.1139106750488281,10238.513671875,
430,1723,,,,10624.4716796875
430,1723,,1.1238592863082886,10235.9921875,
431,1727,,,,10631.587890625
431,1727,,1.1326435804367065,10234.8408203125,
432,1731,,,,10631.234375
432,1731,,1.129757285118103,10236.4482421875,
433,1735,,,,10625.22265625
433,1735,,1.124275803565979,10236.55859375,
434,1739,,,,10623.875
434,1739,,1.1330043077468872,10233.896484375,
435,1743,,,,10625.2041015625
435,1743,,1.1309624910354614,10235.2138671875,
436,1747,,,,10624.833984375
436,1747,,1.1386868953704834,10234.6669921875,
437,1751,,,,10620.787109375
437,1751,,1.1233880519866943,10234.6689453125,
438,1755,,,,10628.017578125
438,1755,,1.125940203666687,10234.439453125,
439,1759,,,,10623.314453125
439,1759,,1.1217600107192993,10234.8203125,
440,1763,,,,10629.7685546875
440,1763,,1.1374417543411255,10234.4482421875,
441,1767,,,,10615.40625
441,1767,,1.129878282546997,10238.984375,
442,1771,,,,10609.3642578125
442,1771,,1.129043459892273,10232.0009765625,
443,1775,,,,10611.75390625
443,1775,,1.137495994567871,10231.2978515625,
444,1779,,,,10636.9560546875
444,1779,,1.12190580368042,10241.1064453125,
445,1783,,,,10611.650390625
445,1783,,1.1308932304382324,10241.53515625,
446,1787,,,,10622.1767578125
446,1787,,1.1320760250091553,10232.5234375,
447,1791,,,,10614.603515625
447,1791,,1.1292306184768677,10233.0703125,
448,1795,,,,10617.5595703125
448,1795,,1.123602032661438,10231.51953125,
449,1799,,,,10624.3916015625
449,1799,,1.1208504438400269,10235.4345703125,
450,1803,,,,10617.5302734375
450,1803,,1.120259165763855,10242.5361328125,
451,1807,,,,10613.3076171875
451,1807,,1.127197027206421,10234.7373046875,
452,1811,,,,10611.96875
452,1811,,1.1271194219589233,10233.1240234375,
453,1815,,,,10616.0224609375
453,1815,,1.12684965133667,10228.4951171875,
454,1819,,,,10660.1923828125
454,1819,,1.130247712135315,10646.22265625,
455,1823,,,,10647.0595703125
455,1823,,1.1276874542236328,10253.3349609375,
456,1827,,,,10641.76171875
456,1827,,1.1331171989440918,10257.5888671875,
457,1831,,,,10635.2080078125
457,1831,,1.1243541240692139,10248.814453125,
458,1835,,,,10638.5400390625
458,1835,,1.1228259801864624,10246.3525390625,
459,1839,,,,10623.7998046875
459,1839,,1.121089220046997,10238.7626953125,
460,1843,,,,10624.8984375
460,1843,,1.1315762996673584,10238.9208984375,
461,1847,,,,10624.677734375
461,1847,,1.129093050956726,10232.431640625,
462,1851,,,,10617.2041015625
462,1851,,1.1306908130645752,10229.6279296875,
463,1855,,,,10615.2158203125
463,1855,,1.128035545349121,10229.87890625,
464,1859,,,,10613.169921875
464,1859,,1.1244087219238281,10225.708984375,
465,1863,,,,10611.2822265625
465,1863,,1.123519778251648,10223.1533203125,
466,1867,,,,10612.2734375
466,1867,,1.1239814758300781,10223.513671875,
467,1871,,,,10605.5947265625
467,1871,,1.1192831993103027,10220.140625,
468,1875,,,,10610.1904296875
468,1875,,1.1230887174606323,10223.115234375,
469,1879,,,,10611.982421875
469,1879,,1.1237694025039673,10220.662109375,
470,1883,,,,10606.2998046875
470,1883,,1.1557905673980713,10221.03515625,
471,1887,,,,10604.4443359375
471,1887,,1.1391520500183105,10218.3564453125,
472,1891,,,,10606.318359375
472,1891,,1.1392239332199097,10219.67578125,
473,1895,,,,10606.501953125
473,1895,,1.1417334079742432,10218.2509765625,
474,1899,,,,10602.8701171875
474,1899,,1.1419211626052856,10217.5078125,
475,1903,,,,10607.5517578125
475,1903,,1.1402459144592285,10218.3095703125,
476,1907,,,,10604.9140625
476,1907,,1.1416553258895874,10216.26953125,
477,1911,,,,10604.41796875
477,1911,,1.1358239650726318,10215.8046875,
478,1915,,,,10607.1015625
478,1915,,1.138441801071167,10216.69140625,
479,1919,,,,10601.67578125
479,1919,,1.1382290124893188,10213.013671875,
480,1923,,,,10601.2138671875
480,1923,,1.1421833038330078,10212.6337890625,
481,1927,,,,10607.4443359375
481,1927,,1.1402286291122437,10212.7373046875,
482,1931,,,,10606.275390625
482,1931,,1.1463223695755005,10213.1591796875,
483,1935,,,,10606.5224609375
483,1935,,1.1409716606140137,10213.150390625,
484,1939,,,,10600.904296875
484,1939,,1.1323137283325195,10211.634765625,
485,1943,,,,10604.3056640625
485,1943,,1.135361671447754,10211.4775390625,
486,1947,,,,10603.34765625
486,1947,,1.1392254829406738,10210.740234375,
487,1951,,,,10596.333984375
487,1951,,1.1452828645706177,10210.65234375,
488,1955,,,,10594.6015625
488,1955,,1.1391122341156006,10210.6953125,
489,1959,,,,10605.501953125
489,1959,,1.1352183818817139,10208.951171875,
490,1963,,,,10594.138671875
490,1963,,1.1332581043243408,10208.4638671875,
491,1967,,,,10596.064453125
491,1967,,1.1318279504776,10209.546875,
492,1971,,,,10610.712890625
492,1971,,1.1327108144760132,10207.78125,
493,1975,,,,10595.853515625
493,1975,,1.1354912519454956,10208.998046875,
494,1979,,,,10596.490234375
494,1979,,1.1409955024719238,10211.560546875,
495,1983,,,,10613.263671875
495,1983,,1.1428799629211426,10207.7861328125,
496,1987,,,,10595.9052734375
496,1987,,1.127872109413147,10210.2158203125,
497,1991,,,,10601.2333984375
497,1991,,1.1375453472137451,10207.794921875,
498,1995,,,,10601.58984375
498,1995,,1.1399338245391846,10209.966796875,
499,1999,,,,10592.90234375
499,1999,,1.1348326206207275,10209.47265625,
500,2003,,,,10588.6357421875
500,2003,,1.1347243785858154,10205.931640625,
501,2007,,,,10599.6953125
501,2007,,1.1399540901184082,10210.53515625,
502,2011,,,,10593.900390625
502,2011,,1.1437922716140747,10207.521484375,
503,2015,,,,10592.759765625
503,2015,,1.1336382627487183,10205.2958984375,
504,2019,,,,10582.8896484375
504,2019,,1.1343733072280884,10205.267578125,
505,2023,,,,10599.6416015625
505,2023,,1.1404964923858643,10200.8759765625,
506,2027,,,,10610.7060546875
506,2027,,1.136823296546936,10211.091796875,
507,2031,,,,10615.9052734375
507,2031,,1.131375789642334,10219.5234375,
508,2035,,,,10589.9716796875
508,2035,,1.1389527320861816,10216.017578125,
509,2039,,,,10604.845703125
509,2039,,1.1383519172668457,10204.7490234375,
510,2043,,,,10589.6240234375
510,2043,,1.1355606317520142,10213.478515625,
511,2047,,,,10588.4716796875
511,2047,,1.1361278295516968,10205.7607421875,
512,2051,,,,10586.9677734375
512,2051,,1.1351405382156372,10200.181640625,
513,2055,,,,10583.0634765625
513,2055,,1.1315574645996094,10196.6240234375,
514,2059,,,,10583.1103515625
514,2059,,1.139640212059021,10195.55859375,
515,2063,,,,10577.1640625
515,2063,,1.1362504959106445,10193.2255859375,
516,2067,,,,10579.9541015625
516,2067,,1.1405466794967651,10192.349609375,
517,2071,,,,10588.505859375
517,2071,,1.1388318538665771,10192.4580078125,
518,2075,,,,10587.525390625
518,2075,,1.137428879737854,10205.3544921875,
519,2079,,,,10588.767578125
519,2079,,1.1372243165969849,10201.017578125,
520,2083,,,,10585.3857421875
520,2083,,1.1334865093231201,10201.8046875,
521,2087,,,,10584.44921875
521,2087,,1.1359305381774902,10200.037109375,
522,2091,,,,10574.5517578125
522,2091,,1.1376391649246216,10195.52734375,
523,2095,,,,10576.9462890625
523,2095,,1.1333435773849487,10192.046875,
524,2099,,,,10580.572265625
524,2099,,1.1227389574050903,10190.2626953125,
525,2103,,,,10573.6484375
525,2103,,1.1125800609588623,10189.9287109375,
526,2107,,,,10569.978515625
526,2107,,1.1067595481872559,10189.693359375,
527,2111,,,,10576.8505859375
527,2111,,1.1166411638259888,10189.9091796875,
528,2115,,,,10584.330078125
528,2115,,1.12244713306427,10191.17578125,
529,2119,,,,10578.0283203125
529,2119,,1.1143485307693481,10200.70703125,
530,2123,,,,10576.978515625
530,2123,,1.1177489757537842,10193.537109375,
531,2127,,,,10573.2744140625
531,2127,,1.108924388885498,10193.6904296875,
532,2131,,,,10574.2255859375
532,2131,,1.1089979410171509,10188.19921875,
533,2135,,,,10581.9541015625
533,2135,,1.1173171997070312,10194.765625,
534,2139,,,,10591.0439453125
534,2139,,1.1151479482650757,10194.0048828125,
535,2143,,,,10576.5703125
535,2143,,1.108132004737854,10203.193359375,
536,2147,,,,10578.0283203125
536,2147,,1.108954668045044,10194.244140625,
537,2151,,,,10571.8984375
537,2151,,1.1105650663375854,10197.087890625,
538,2155,,,,10571.8876953125
538,2155,,1.1141170263290405,10189.5478515625,
539,2159,,,,10573.1396484375
539,2159,,1.1069061756134033,10191.4365234375,
540,2163,,,,10571.8984375
540,2163,,1.103096604347229,10189.6826171875,
541,2167,,,,10568.4423828125
541,2167,,1.1067266464233398,10188.80859375,
542,2171,,,,10569.3994140625
542,2171,,1.1089285612106323,10186.982421875,
543,2175,,,,10566.1943359375
543,2175,,1.1113725900650024,10186.1708984375,
544,2179,,,,10563.8388671875
544,2179,,1.122894048690796,10185.8251953125,
545,2183,,,,10569.662109375
545,2183,,1.1134564876556396,10184.244140625,
546,2187,,,,10564.6259765625
546,2187,,1.1139425039291382,10185.0068359375,
547,2191,,,,10570.2001953125
547,2191,,1.1166425943374634,10184.5986328125,
548,2195,,,,10564.52734375
548,2195,,1.1247321367263794,10184.9111328125,
549,2199,,,,10564.693359375
549,2199,,1.1223814487457275,10184.1455078125,
550,2203,,,,10565.50390625
550,2203,,1.1130025386810303,10185.0224609375,
551,2207,,,,10567.2998046875
551,2207,,1.1264433860778809,10182.576171875,
552,2211,,,,10566.0458984375
552,2211,,1.1335588693618774,10183.7607421875,
553,2215,,,,10560.6279296875
553,2215,,1.1297038793563843,10183.0478515625,
554,2219,,,,10563.2958984375
554,2219,,1.1311955451965332,10180.998046875,
555,2223,,,,10569.560546875
555,2223,,1.1344764232635498,10182.4765625,
556,2227,,,,10562.9287109375
556,2227,,1.1350677013397217,10183.2275390625,
557,2231,,,,10558.587890625
557,2231,,1.1334644556045532,10181.2744140625,
558,2235,,,,10562.7177734375
558,2235,,1.136613130569458,10180.2724609375,
559,2239,,,,10564.5185546875
559,2239,,1.1415802240371704,10183.046875,
560,2243,,,,10559.8779296875
560,2243,,1.1395204067230225,10180.4365234375,
561,2247,,,,10559.5556640625
561,2247,,1.1289900541305542,10180.4453125,
562,2251,,,,10559.7392578125
562,2251,,1.1424560546875,10179.8125,
563,2255,,,,10575.4365234375
563,2255,,1.1452019214630127,10179.9326171875,
564,2259,,,,10562.8076171875
564,2259,,1.132371187210083,10187.7041015625,
565,2263,,,,10563.5087890625
565,2263,,1.1288734674453735,10180.3583984375,
566,2267,,,,10566.4443359375
566,2267,,1.135813593864441,10179.0224609375,
567,2271,,,,10577.1220703125
567,2271,,1.1275250911712646,10177.3173828125,
568,2275,,,,10558.1416015625
568,2275,,1.1355338096618652,10182.271484375,
569,2279,,,,10565.5458984375
569,2279,,1.1449356079101562,10177.3701171875,
570,2283,,,,10555.779296875
570,2283,,1.1441936492919922,10177.3740234375,
571,2287,,,,10570.033203125
571,2287,,1.1382533311843872,10177.5302734375,
572,2291,,,,10570.896484375
572,2291,,1.150998830795288,10183.0361328125,
573,2295,,,,10574.158203125
573,2295,,1.1294697523117065,10180.779296875,
574,2299,,,,10562.181640625
574,2299,,1.1251420974731445,10183.1318359375,
575,2303,,,,10562.1162109375
575,2303,,1.1270641088485718,10176.3330078125,
576,2307,,,,10567.0302734375
576,2307,,1.1298221349716187,10175.0078125,
577,2311,,,,10556.99609375
577,2311,,1.134348750114441,10179.6904296875,
578,2315,,,,10560.0390625
578,2315,,1.120680809020996,10175.7841796875,
579,2319,,,,10560.669921875
579,2319,,1.131324291229248,10176.0185546875,
580,2323,,,,10561.83984375
580,2323,,1.1269006729125977,10176.1708984375,
581,2327,,,,10558.240234375
581,2327,,1.1322121620178223,10175.6708984375,
582,2331,,,,10554.818359375
582,2331,,1.1220003366470337,10173.291015625,
583,2335,,,,10549.49609375
583,2335,,1.119827151298523,10169.3173828125,
584,2339,,,,10554.9541015625
584,2339,,1.1244995594024658,10172.056640625,
585,2343,,,,10550.1005859375
585,2343,,1.1193615198135376,10169.8076171875,
586,2347,,,,10546.2548828125
586,2347,,1.1193150281906128,10167.5546875,
587,2351,,,,10556.11328125
587,2351,,1.129938006401062,10170.0986328125,
588,2355,,,,10548.2177734375
588,2355,,1.1301369667053223,10168.8681640625,
589,2359,,,,10547.7314453125
589,2359,,1.127245545387268,10166.44921875,
590,2363,,,,10545.775390625
590,2363,,1.1245555877685547,10166.048828125,
591,2367,,,,10574.0
591,2367,,1.1422746181488037,10173.4228515625,
592,2371,,,,10567.400390625
592,2371,,1.1282716989517212,10178.990234375,
593,2375,,,,10555.908203125
593,2375,,1.1153804063796997,10176.224609375,
594,2379,,,,10572.9501953125
594,2379,,1.120734453201294,10173.1904296875,
595,2383,,,,10558.919921875
595,2383,,1.1477502584457397,10168.708984375,
596,2387,,,,10555.255859375
596,2387,,1.1392990350723267,10170.220703125,
597,2391,,,,10564.421875
597,2391,,1.1390396356582642,10169.4228515625,
598,2395,,,,10560.8486328125
598,2395,,1.1501984596252441,10166.3564453125,
599,2399,,,,10557.986328125
599,2399,,1.1419565677642822,10166.490234375,
600,2403,,,,10558.23828125
600,2403,,1.138880729675293,10165.4716796875,
601,2407,,,,10556.8740234375
601,2407,,1.1399115324020386,10165.9287109375,
602,2411,,,,10553.9765625
602,2411,,1.1368834972381592,10164.4228515625,
603,2415,,,,10554.7119140625
603,2415,,1.1356196403503418,10163.2041015625,
604,2419,,,,10555.25390625
604,2419,,1.123332142829895,10163.53515625,
605,2423,,,,10550.8017578125
605,2423,,1.120629072189331,10163.7724609375,
606,2427,,,,10552.6845703125
606,2427,,1.1253290176391602,10162.7216796875,
607,2431,,,,10552.66796875
607,2431,,1.1345727443695068,10162.5068359375,
608,2435,,,,10554.505859375
608,2435,,1.1336729526519775,10162.6083984375,
609,2439,,,,10552.4775390625
609,2439,,1.1300878524780273,10161.509765625,
610,2443,,,,10551.3720703125
610,2443,,1.1302986145019531,10160.8740234375,
611,2447,,,,10552.2958984375
611,2447,,1.1401700973510742,10161.1171875,
612,2451,,,,10552.646484375
612,2451,,1.1367802619934082,10161.67578125,
613,2455,,,,10554.41796875
613,2455,,1.1257469654083252,10161.3828125,
614,2459,,,,10555.484375
614,2459,,1.1352050304412842,10161.4345703125,
615,2463,,,,10552.34765625
615,2463,,1.130601167678833,10161.759765625,
616,2467,,,,10547.5361328125
616,2467,,1.132764458656311,10160.8603515625,
617,2471,,,,10549.4892578125
617,2471,,1.1392841339111328,10160.263671875,
618,2475,,,,10549.44921875
618,2475,,1.1323271989822388,10159.7275390625,
619,2479,,,,10548.302734375
619,2479,,1.1246925592422485,10160.1474609375,
620,2483,,,,10551.9970703125
620,2483,,1.1394845247268677,10159.701171875,
621,2487,,,,10553.2255859375
621,2487,,1.1351344585418701,10159.5048828125,
622,2491,,,,10548.970703125
622,2491,,1.13373863697052,10162.0419921875,
623,2495,,,,10545.5263671875
623,2495,,1.131845235824585,10159.0986328125,
624,2499,,,,10546.16015625
624,2499,,1.1440931558609009,10158.708984375,
625,2503,,,,10552.8515625
625,2503,,1.1346975564956665,10159.529296875,
626,2507,,,,10552.263671875
626,2507,,1.13119637966156,10158.7978515625,
627,2511,,,,10546.8271484375
627,2511,,1.1397991180419922,10158.37109375,
628,2515,,,,10545.8896484375
628,2515,,1.133237600326538,10159.056640625,
629,2519,,,,10549.7978515625
629,2519,,1.1341456174850464,10156.8408203125,
630,2523,,,,10548.369140625
630,2523,,1.1373814344406128,10156.7138671875,
631,2527,,,,10541.017578125
631,2527,,1.1443054676055908,10155.9765625,
632,2531,,,,10544.798828125
632,2531,,1.1413906812667847,10155.998046875,
633,2535,,,,10550.3984375
633,2535,,1.14040207862854,10156.0927734375,
634,2539,,,,10548.2041015625
634,2539,,1.1374123096466064,10155.76171875,
635,2543,,,,10550.904296875
635,2543,,1.1405830383300781,10156.46875,
636,2547,,,,10544.1904296875
636,2547,,1.1405153274536133,10155.4775390625,
637,2551,,,,10542.6962890625
637,2551,,1.131400465965271,10155.7138671875,
638,2555,,,,10548.8935546875
638,2555,,1.1278272867202759,10154.3916015625,
639,2559,,,,10544.8984375
639,2559,,1.1395301818847656,10153.3076171875,
640,2563,,,,10542.826171875
640,2563,,1.1386620998382568,10153.974609375,
641,2567,,,,10547.0029296875
641,2567,,1.139346718788147,10154.4130859375,
642,2571,,,,10550.171875
642,2571,,1.1327199935913086,10153.77734375,
643,2575,,,,10549.80078125
643,2575,,1.1306662559509277,10154.515625,
644,2579,,,,10547.9921875
644,2579,,1.1329900026321411,10155.4287109375,
645,2583,,,,10541.060546875
645,2583,,1.1360059976577759,10153.5849609375,
646,2587,,,,10540.998046875
646,2587,,1.133209466934204,10156.390625,
647,2591,,,,10546.24609375
647,2591,,1.1360417604446411,10154.8427734375,
648,2595,,,,10542.2998046875
648,2595,,1.1392464637756348,10155.8095703125,
649,2599,,,,10537.3251953125
649,2599,,1.1410537958145142,10151.849609375,
650,2603,,,,10543.59765625
650,2603,,1.1338752508163452,10154.6005859375,
651,2607,,,,10552.8818359375
651,2607,,1.1315292119979858,10156.689453125,
652,2611,,,,10541.2021484375
652,2611,,1.1382973194122314,10157.359375,
653,2615,,,,10543.1357421875
653,2615,,1.1389151811599731,10156.3125,
654,2619,,,,10538.115234375
654,2619,,1.1358928680419922,10155.4482421875,
655,2623,,,,10537.4755859375
655,2623,,1.1434406042099,10153.34375,
656,2627,,,,10533.0869140625
656,2627,,1.1327145099639893,10150.65234375,
657,2631,,,,10535.5498046875
657,2631,,1.1388449668884277,10149.681640625,
658,2635,,,,10536.20703125
658,2635,,1.1367493867874146,10148.0517578125,
659,2639,,,,10535.4736328125
659,2639,,1.1356979608535767,10149.021484375,
660,2643,,,,10536.6748046875
660,2643,,1.138484001159668,10147.4267578125,
661,2647,,,,10532.009765625
661,2647,,1.1385105848312378,10146.470703125,
662,2651,,,,10538.11328125
662,2651,,1.1375250816345215,10145.8916015625,
663,2655,,,,10541.08203125
663,2655,,1.1404597759246826,10150.5361328125,
664,2659,,,,10532.0517578125
664,2659,,1.1344751119613647,10152.7900390625,
665,2663,,,,10529.5185546875
665,2663,,1.1410671472549438,10147.3896484375,
666,2667,,,,10525.6435546875
666,2667,,1.1365240812301636,10145.90625,
667,2671,,,,10530.6376953125
667,2671,,1.1337666511535645,10145.001953125,
668,2675,,,,10534.736328125
668,2675,,1.139032244682312,10143.626953125,
669,2679,,,,10530.6298828125
669,2679,,1.1377846002578735,10144.14453125,
670,2683,,,,10530.0390625
670,2683,,1.143886685371399,10142.955078125,
671,2687,,,,10528.1328125
671,2687,,1.1334314346313477,10146.3486328125,
672,2691,,,,10538.8515625
672,2691,,1.1307264566421509,10146.037109375,
673,2695,,,,10537.701171875
673,2695,,1.138005018234253,10150.5732421875,
674,2699,,,,10541.5078125
674,2699,,1.1318069696426392,10150.3310546875,
675,2703,,,,10530.744140625
675,2703,,1.1394753456115723,10153.2900390625,
676,2707,,,,10535.1943359375
676,2707,,1.1286324262619019,10146.9267578125,
677,2711,,,,10530.1064453125
677,2711,,1.1255217790603638,10148.8642578125,
678,2715,,,,10525.69921875
678,2715,,1.1354691982269287,10146.5732421875,
679,2719,,,,10524.65234375
679,2719,,1.1273999214172363,10143.0966796875,
680,2723,,,,10526.1142578125
680,2723,,1.1313278675079346,10140.970703125,
681,2727,,,,10523.2216796875
681,2727,,1.132080078125,10139.150390625,
682,2731,,,,10523.341796875
682,2731,,1.1285496950149536,10138.974609375,
683,2735,,,,10526.4638671875
683,2735,,1.13224196434021,10137.0830078125,
684,2739,,,,10525.337890625
684,2739,,1.1426340341567993,10136.4033203125,
685,2743,,,,10523.013671875
685,2743,,1.1342966556549072,10135.017578125,
686,2747,,,,10522.1015625
686,2747,,1.1318475008010864,10134.7490234375,
687,2751,,,,10521.53515625
687,2751,,1.1334760189056396,10135.3662109375,
688,2755,,,,10528.1640625
688,2755,,1.1352189779281616,10136.2080078125,
689,2759,,,,10522.794921875
689,2759,,1.1280380487442017,10138.986328125,
690,2763,,,,10524.732421875
690,2763,,1.1385823488235474,10137.0234375,
691,2767,,,,10549.578125
691,2767,,1.1296935081481934,10139.6875,
692,2771,,,,10533.095703125
692,2771,,1.1309971809387207,10161.6708984375,
693,2775,,,,10533.5615234375
693,2775,,1.1310940980911255,10153.2255859375,
694,2779,,,,10538.2353515625
694,2779,,1.14193856716156,10148.3564453125,
695,2783,,,,10525.4541015625
695,2783,,1.1356464624404907,10148.71875,
696,2787,,,,10531.599609375
696,2787,,1.1258206367492676,10143.65234375,
697,2791,,,,10522.298828125
697,2791,,1.1365212202072144,10141.6328125,
698,2795,,,,10525.4921875
698,2795,,1.136803388595581,10140.802734375,
699,2799,,,,10519.30859375
699,2799,,1.137128233909607,10140.9541015625,
700,2803,,,,10522.8037109375
700,2803,,1.1388524770736694,10138.0068359375,
701,2807,,,,10523.5498046875
701,2807,,1.1398004293441772,10138.6845703125,
702,2811,,,,10521.185546875
702,2811,,1.1378728151321411,10138.4052734375,
703,2815,,,,10518.6162109375
703,2815,,1.1446757316589355,10137.615234375,
704,2819,,,,10517.6416015625
704,2819,,1.1413253545761108,10136.23046875,
705,2823,,,,10519.26171875
705,2823,,1.1358665227890015,10136.478515625,
706,2827,,,,10522.6318359375
706,2827,,1.1328048706054688,10135.6552734375,
707,2831,,,,10521.1787109375
707,2831,,1.1365376710891724,10137.056640625,
708,2835,,,,10517.59765625
708,2835,,1.1466530561447144,10136.3818359375,
709,2839,,,,10517.2177734375
709,2839,,1.14283287525177,10135.3193359375,
710,2843,,,,10520.248046875
710,2843,,1.1344902515411377,10133.9765625,
711,2847,,,,10521.349609375
711,2847,,1.1337425708770752,10136.431640625,
712,2851,,,,10517.2080078125
712,2851,,1.1301006078720093,10137.22265625,
713,2855,,,,10518.2421875
713,2855,,1.1290547847747803,10134.990234375,
714,2859,,,,10521.765625
714,2859,,1.134999394416809,10135.6220703125,
715,2863,,,,10522.1337890625
715,2863,,1.1327418088912964,10134.6318359375,
716,2867,,,,10517.9423828125
716,2867,,1.14078950881958,10135.1826171875,
717,2871,,,,10517.9423828125
717,2871,,1.1457240581512451,10134.419921875,
718,2875,,,,10517.1162109375
718,2875,,1.1400156021118164,10135.0703125,
719,2879,,,,10515.734375
719,2879,,1.134720802307129,10134.53515625,
720,2883,,,,10518.0498046875
720,2883,,1.1297290325164795,10133.6826171875,
721,2887,,,,10515.0673828125
721,2887,,1.1282027959823608,10134.96875,
722,2891,,,,10514.076171875
722,2891,,1.1425877809524536,10132.87109375,
723,2895,,,,10519.755859375
723,2895,,1.1447848081588745,10132.9248046875,
724,2899,,,,10514.65625
724,2899,,1.1394778490066528,10133.603515625,
725,2903,,,,10519.751953125
725,2903,,1.1344751119613647,10132.658203125,
726,2907,,,,10515.806640625
726,2907,,1.134430170059204,10133.546875,
727,2911,,,,10513.3876953125
727,2911,,1.13347589969635,10133.0458984375,
728,2915,,,,10517.4716796875
728,2915,,1.1376113891601562,10131.84375,
729,2919,,,,10515.6767578125
729,2919,,1.1260758638381958,10133.0771484375,
730,2923,,,,10514.216796875
730,2923,,1.1354873180389404,10133.474609375,
731,2927,,,,10512.091796875
731,2927,,1.1348764896392822,10132.3154296875,
732,2931,,,,10514.6552734375
732,2931,,1.13431715965271,10131.49609375,
733,2935,,,,10519.59375
733,2935,,1.117872714996338,10131.7509765625,
734,2939,,,,10519.357421875
734,2939,,1.130829095840454,10133.265625,
735,2943,,,,10513.3701171875
735,2943,,1.1260550022125244,10131.9013671875,
736,2947,,,,10520.1181640625
736,2947,,1.1434664726257324,10130.8232421875,
737,2951,,,,10514.181640625
737,2951,,1.1411173343658447,10133.80859375,
738,2955,,,,10515.7138671875
738,2955,,1.1397572755813599,10133.3642578125,
739,2959,,,,10518.4296875
739,2959,,1.1392035484313965,10132.82421875,
740,2963,,,,10514.57421875
740,2963,,1.1272203922271729,10133.19921875,
741,2967,,,,10516.2119140625
741,2967,,1.1373494863510132,10130.0986328125,
742,2971,,,,10513.892578125
742,2971,,1.1266982555389404,10132.2373046875,
743,2975,,,,10514.32421875
743,2975,,1.131731390953064,10132.4091796875,
744,2979,,,,10515.3515625
744,2979,,1.1264809370040894,10128.8544921875,
745,2983,,,,10511.7021484375
745,2983,,1.132825493812561,10128.041015625,
746,2987,,,,10511.4130859375
746,2987,,1.1432453393936157,10125.6337890625,
747,2991,,,,10506.3623046875
747,2991,,1.1267303228378296,10125.5068359375,
748,2995,,,,10508.3359375
748,2995,,1.1394399404525757,10124.451171875,
749,2999,,,,10508.5498046875
749,2999,,1.140681266784668,10123.5732421875,
750,3003,,,,10509.3154296875
750,3003,,1.1415257453918457,10123.556640625,
751,3007,,,,10508.6484375
751,3007,,1.1355441808700562,10123.5869140625,
752,3011,,,,10510.8310546875
752,3011,,1.139027714729309,10122.76953125,
753,3015,,,,10512.900390625
753,3015,,1.1371880769729614,10123.794921875,
754,3019,,,,10513.859375
754,3019,,1.1330617666244507,10128.0126953125,
755,3023,,,,10514.7158203125
755,3023,,1.1398710012435913,10128.37109375,
756,3027,,,,10512.923828125
756,3027,,1.1450251340866089,10126.40234375,
757,3031,,,,10512.1884765625
757,3031,,1.1296648979187012,10123.09375,
758,3035,,,,10509.1083984375
758,3035,,1.1228302717208862,10123.091796875,
759,3039,,,,10514.923828125
759,3039,,1.1246602535247803,10123.7255859375,
760,3043,,,,10509.5517578125
760,3043,,1.1266322135925293,10126.998046875,
761,3047,,,,10503.8720703125
761,3047,,1.1315264701843262,10125.1103515625,
762,3051,,,,10515.388671875
762,3051,,1.1301583051681519,10122.7158203125,
763,3055,,,,10513.482421875
763,3055,,1.1307172775268555,10124.3310546875,
764,3059,,,,10518.2197265625
764,3059,,1.1326699256896973,10123.609375,
765,3063,,,,10508.88671875
765,3063,,1.1333345174789429,10131.23828125,
766,3067,,,,10506.6083984375
766,3067,,1.1278706789016724,10124.6123046875,
767,3071,,,,10504.986328125
767,3071,,1.1289808750152588,10122.8408203125,
768,3075,,,,10505.3603515625
768,3075,,1.142774224281311,10120.791015625,
769,3079,,,,10506.2890625
769,3079,,1.1325989961624146,10119.9716796875,
770,3083,,,,10513.66796875
770,3083,,1.1385880708694458,10119.5634765625,
771,3087,,,,10505.3779296875
771,3087,,1.127184271812439,10124.6875,
772,3091,,,,10511.98046875
772,3091,,1.1277984380722046,10124.443359375,
773,3095,,,,10507.017578125
773,3095,,1.1272621154785156,10124.580078125,
774,3099,,,,10511.0
774,3099,,1.1359127759933472,10120.3291015625,
775,3103,,,,10507.6416015625
775,3103,,1.1247047185897827,10120.6474609375,
776,3107,,,,10505.9462890625
776,3107,,1.133193850517273,10118.8623046875,
777,3111,,,,10507.7353515625
777,3111,,1.1378592252731323,10121.443359375,
778,3115,,,,10503.1708984375
778,3115,,1.1334294080734253,10120.1123046875,
779,3119,,,,10511.3017578125
779,3119,,1.1319053173065186,10119.1953125,
780,3123,,,,10507.3359375
780,3123,,1.1374905109405518,10120.109375,
781,3127,,,,10505.2744140625
781,3127,,1.1342138051986694,10117.8564453125,
782,3131,,,,10509.759765625
782,3131,,1.1267317533493042,10118.048828125,
783,3135,,,,10503.3681640625
783,3135,,1.1385935544967651,10118.3779296875,
784,3139,,,,10501.0224609375
784,3139,,1.1364293098449707,10119.923828125,
785,3143,,,,10507.654296875
785,3143,,1.1226298809051514,10130.9482421875,
786,3147,,,,10519.3564453125
786,3147,,1.1275982856750488,10126.9130859375,
787,3151,,,,10507.5302734375
787,3151,,1.1308000087738037,10124.35546875,
788,3155,,,,10502.6962890625
788,3155,,1.1207222938537598,10119.384765625,
789,3159,,,,10503.2099609375
789,3159,,1.1300348043441772,10117.8564453125,
790,3163,,,,10500.677734375
790,3163,,1.1358556747436523,10116.6787109375,
791,3167,,,,10501.67578125
791,3167,,1.1318193674087524,10114.76953125,
792,3171,,,,10524.4697265625
792,3171,,1.1294978857040405,10118.40234375,
793,3175,,,,10521.724609375
793,3175,,1.1338788270950317,10143.0068359375,
794,3179,,,,10513.3798828125
794,3179,,1.126193881034851,10133.556640625,
795,3183,,,,10509.6728515625
795,3183,,1.1258306503295898,10123.509765625,
796,3187,,,,10503.169921875
796,3187,,1.1206709146499634,10121.1875,
797,3191,,,,10504.490234375
797,3191,,1.1370649337768555,10118.8134765625,
798,3195,,,,10501.2197265625
798,3195,,1.1344949007034302,10118.05078125,
799,3199,,,,10500.9345703125
799,3199,,1.1283953189849854,10116.255859375,
800,3203,,,,10499.7822265625
800,3203,,1.1426752805709839,10115.412109375,
801,3207,,,,10502.01171875
801,3207,,1.1346386671066284,10116.744140625,
802,3211,,,,10506.5390625
802,3211,,1.1298004388809204,10119.4345703125,
803,3215,,,,10500.3779296875
803,3215,,1.1376115083694458,10118.3359375,
804,3219,,,,10500.935546875
804,3219,,1.140703558921814,10117.2421875,
805,3223,,,,10506.078125
805,3223,,1.138107180595398,10123.255859375,
806,3227,,,,10516.2939453125
806,3227,,1.1300796270370483,10119.28125,
807,3231,,,,10510.4765625
807,3231,,1.1362600326538086,10132.001953125,
808,3235,,,,10508.091796875
808,3235,,1.132956624031067,10126.4365234375,
809,3239,,,,10504.908203125
809,3239,,1.1378533840179443,10129.4482421875,
810,3243,,,,10511.8525390625
810,3243,,1.130812644958496,10120.115234375,
811,3247,,,,10499.92578125
811,3247,,1.129622459411621,10122.3828125,
812,3251,,,,10502.474609375
812,3251,,1.1376148462295532,10122.203125,
813,3255,,,,10506.146484375
813,3255,,1.1312583684921265,10117.6953125,
814,3259,,,,10497.6298828125
814,3259,,1.1272095441818237,10121.2548828125,
815,3263,,,,10504.001953125
815,3263,,1.139051079750061,10117.505859375,
816,3267,,,,10501.2275390625
816,3267,,1.1412012577056885,10117.08203125,
817,3271,,,,10495.1142578125
817,3271,,1.1381807327270508,10117.783203125,
818,3275,,,,10497.4755859375
818,3275,,1.139691710472107,10114.46484375,
819,3279,,,,10497.9267578125
819,3279,,1.1440385580062866,10113.6005859375,
820,3283,,,,10496.767578125
820,3283,,1.1381365060806274,10115.2421875,
821,3287,,,,10493.419921875
821,3287,,1.1358814239501953,10113.5,
822,3291,,,,10494.7060546875
822,3291,,1.1388942003250122,10114.8447265625,
823,3295,,,,10500.5859375
823,3295,,1.1444809436798096,10113.4931640625,
824,3299,,,,10497.8349609375
824,3299,,1.1401147842407227,10114.0166015625,
825,3303,,,,10495.982421875
825,3303,,1.139468789100647,10112.8369140625,
826,3307,,,,10501.5224609375
826,3307,,1.140525460243225,10113.9169921875,
827,3311,,,,10499.365234375
827,3311,,1.1461325883865356,10113.1025390625,
828,3315,,,,10504.8818359375
828,3315,,1.1425303220748901,10112.009765625,
829,3319,,,,10497.9697265625
829,3319,,1.1445283889770508,10113.5830078125,
830,3323,,,,10502.609375
830,3323,,1.1317031383514404,10111.109375,
831,3327,,,,10501.416015625
831,3327,,1.145985722541809,10113.5302734375,
832,3331,,,,10495.59765625
832,3331,,1.1401607990264893,10111.076171875,
833,3335,,,,10499.505859375
833,3335,,1.1408615112304688,10110.138671875,
834,3339,,,,10492.544921875
834,3339,,1.1434967517852783,10109.498046875,
835,3343,,,,10503.169921875
835,3343,,1.1393054723739624,10109.443359375,
836,3347,,,,10497.423828125
836,3347,,1.1411514282226562,10111.9814453125,
837,3351,,,,10496.048828125
837,3351,,1.1428242921829224,10109.560546875,
838,3355,,,,10499.7421875
838,3355,,1.1347671747207642,10111.37109375,
839,3359,,,,10502.0673828125
839,3359,,1.1365907192230225,10111.3154296875,
840,3363,,,,10497.5283203125
840,3363,,1.1460431814193726,10110.1806640625,
841,3367,,,,10493.865234375
841,3367,,1.1412599086761475,10108.0283203125,
842,3371,,,,10494.1337890625
842,3371,,1.1435829401016235,10107.1416015625,
843,3375,,,,10491.0380859375
843,3375,,1.1427257061004639,10107.1953125,
844,3379,,,,10490.3017578125
844,3379,,1.1377968788146973,10106.3173828125,
845,3383,,,,10492.3037109375
845,3383,,1.1344894170761108,10106.1474609375,
846,3387,,,,10493.0478515625
846,3387,,1.1379096508026123,10107.6005859375,
847,3391,,,,10492.3857421875
847,3391,,1.1399697065353394,10106.6552734375,
848,3395,,,,10497.15234375
848,3395,,1.143157958984375,10106.498046875,
849,3399,,,,10497.0458984375
849,3399,,1.1464369297027588,10108.5283203125,
850,3403,,,,10491.9560546875
850,3403,,1.1445456743240356,10107.6162109375,
851,3407,,,,10495.552734375
851,3407,,1.1374695301055908,10111.3427734375,
852,3411,,,,10501.623046875
852,3411,,1.1458677053451538,10111.59375,
853,3415,,,,10493.2919921875
853,3415,,1.1301558017730713,10108.5908203125,
854,3419,,,,10497.7724609375
854,3419,,1.1427375078201294,10109.4951171875,
855,3423,,,,10499.9521484375
855,3423,,1.1429704427719116,10112.6240234375,
856,3427,,,,10495.517578125
856,3427,,1.1361263990402222,10109.32421875,
857,3431,,,,10495.4560546875
857,3431,,1.1432442665100098,10106.9130859375,
858,3435,,,,10487.7158203125
858,3435,,1.1417468786239624,10105.0166015625,
859,3439,,,,10496.65234375
859,3439,,1.1337006092071533,10107.5302734375,
860,3443,,,,10496.3779296875
860,3443,,1.1433212757110596,10108.3798828125,
861,3447,,,,10500.412109375
861,3447,,1.1409748792648315,10110.6552734375,
862,3451,,,,10491.0751953125
862,3451,,1.142136573791504,10108.72265625,
863,3455,,,,10492.1962890625
863,3455,,1.1333328485488892,10105.1923828125,
864,3459,,,,10490.3037109375
864,3459,,1.1344225406646729,10103.705078125,
865,3463,,,,10488.212890625
865,3463,,1.1431660652160645,10105.623046875,
866,3467,,,,10495.1787109375
866,3467,,1.147127628326416,10103.7626953125,
867,3471,,,,10491.3828125
867,3471,,1.1426247358322144,10106.4462890625,
868,3475,,,,10490.669921875
868,3475,,1.1415740251541138,10105.001953125,
869,3479,,,,10490.9521484375
869,3479,,1.1432554721832275,10104.0693359375,
870,3483,,,,10489.5791015625
870,3483,,1.143535852432251,10102.8828125,
871,3487,,,,10488.345703125
871,3487,,1.1465200185775757,10102.19921875,
872,3491,,,,10489.17578125
872,3491,,1.1473288536071777,10100.7578125,
873,3495,,,,10488.5458984375
873,3495,,1.1408061981201172,10100.7626953125,
874,3499,,,,10485.7060546875
874,3499,,1.1387423276901245,10100.1494140625,
875,3503,,,,10489.296875
875,3503,,1.1451557874679565,10099.6591796875,
876,3507,,,,10486.9970703125
876,3507,,1.1378101110458374,10100.08203125,
877,3511,,,,10484.603515625
877,3511,,1.1422375440597534,10098.75390625,
878,3515,,,,10484.5439453125
878,3515,,1.1422412395477295,10099.9462890625,
879,3519,,,,10484.482421875
879,3519,,1.141600251197815,10099.255859375,
880,3523,,,,10486.0283203125
880,3523,,1.1392961740493774,10099.1875,
881,3527,,,,10492.7978515625
881,3527,,1.137520670890808,10100.2900390625,
882,3531,,,,10488.3779296875
882,3531,,1.1421393156051636,10103.1591796875,
883,3535,,,,10486.892578125
883,3535,,1.144424319267273,10101.6689453125,
884,3539,,,,10489.1640625
884,3539,,1.1447025537490845,10100.859375,
885,3543,,,,10485.1376953125
885,3543,,1.1421960592269897,10100.123046875,
886,3547,,,,10486.7783203125
886,3547,,1.1449322700500488,10098.50390625,
887,3551,,,,10482.333984375
887,3551,,1.1455804109573364,10099.27734375,
888,3555,,,,10483.482421875
888,3555,,1.1392853260040283,10098.2109375,
889,3559,,,,10492.748046875
889,3559,,1.140694499015808,10100.3828125,
890,3563,,,,10489.2119140625
890,3563,,1.1313127279281616,10099.9296875,
891,3567,,,,10485.9892578125
891,3567,,1.1410821676254272,10102.5419921875,
892,3571,,,,10490.1220703125
892,3571,,1.1369878053665161,10102.8916015625,
893,3575,,,,10490.572265625
893,3575,,1.142183542251587,10103.1708984375,
894,3579,,,,10487.91796875
894,3579,,1.1389700174331665,10100.1953125,
895,3583,,,,10489.8291015625
895,3583,,1.1347657442092896,10100.037109375,
896,3587,,,,10485.6279296875
896,3587,,1.1481469869613647,10101.3642578125,
897,3591,,,,10493.9638671875
897,3591,,1.1330939531326294,10100.251953125,
898,3595,,,,10485.6259765625
898,3595,,1.1449156999588013,10099.8681640625,
899,3599,,,,10481.32421875
899,3599,,1.1385173797607422,10100.85546875,
900,3603,,,,10484.123046875
900,3603,,1.1430329084396362,10099.7724609375,
901,3607,,,,10503.076171875
901,3607,,1.142757773399353,10106.7890625,
902,3611,,,,10533.9921875
902,3611,,1.1421470642089844,10148.19140625,
903,3615,,,,10495.732421875
903,3615,,1.1478029489517212,10129.9111328125,
904,3619,,,,10494.2275390625
904,3619,,1.135051965713501,10111.939453125,
905,3623,,,,10493.0263671875
905,3623,,1.1420468091964722,10105.98828125,
906,3627,,,,10488.8095703125
906,3627,,1.1517302989959717,10105.0869140625,
907,3631,,,,10491.5458984375
907,3631,,1.1391054391860962,10102.986328125,
908,3635,,,,10491.51953125
908,3635,,1.1384042501449585,10104.60546875,
909,3639,,,,10486.7578125
909,3639,,1.1364542245864868,10102.6240234375,
910,3643,,,,10483.5576171875
910,3643,,1.1466641426086426,10101.8525390625,
911,3647,,,,10486.2861328125
911,3647,,1.1360808610916138,10100.23828125,
912,3651,,,,10489.765625
912,3651,,1.130638599395752,10099.3408203125,
913,3655,,,,10490.0947265625
913,3655,,1.1321702003479004,10100.091796875,
914,3659,,,,10479.5263671875
914,3659,,1.137239694595337,10099.4013671875,
915,3663,,,,10487.5966796875
915,3663,,1.1338423490524292,10098.75,
916,3667,,,,10479.8603515625
916,3667,,1.1290223598480225,10100.884765625,
917,3671,,,,10487.7802734375
917,3671,,1.1471874713897705,10097.615234375,
918,3675,,,,10492.08203125
918,3675,,1.1342493295669556,10097.220703125,
919,3679,,,,10484.4775390625
919,3679,,1.1447718143463135,10100.3662109375,
920,3683,,,,10483.5986328125
920,3683,,1.141741394996643,10100.3125,
921,3687,,,,10482.0712890625
921,3687,,1.1331286430358887,10102.5537109375,
922,3691,,,,10483.609375
922,3691,,1.1342438459396362,10097.8994140625,
923,3695,,,,10480.9140625
923,3695,,1.1461365222930908,10098.513671875,
924,3699,,,,10479.982421875
924,3699,,1.1386977434158325,10098.7373046875,
925,3703,,,,10477.31640625
925,3703,,1.1389728784561157,10094.91796875,
926,3707,,,,10483.4755859375
926,3707,,1.1369643211364746,10094.5,
927,3711,,,,10484.4638671875
927,3711,,1.1409193277359009,10098.7255859375,
928,3715,,,,10490.837890625
928,3715,,1.1394743919372559,10100.267578125,
929,3719,,,,10480.3623046875
929,3719,,1.1489107608795166,10097.384765625,
930,3723,,,,10482.984375
930,3723,,1.1434705257415771,10098.4609375,
931,3727,,,,10478.3564453125
931,3727,,1.1391286849975586,10097.263671875,
932,3731,,,,10481.9677734375
932,3731,,1.1361026763916016,10095.6708984375,
933,3735,,,,10483.0380859375
933,3735,,1.1421282291412354,10093.98828125,
934,3739,,,,10474.6884765625
934,3739,,1.1460462808609009,10093.3544921875,
935,3743,,,,10484.265625
935,3743,,1.140267252922058,10103.6357421875,
936,3747,,,,10493.6279296875
936,3747,,1.1429054737091064,10103.1640625,
937,3751,,,,10484.798828125
937,3751,,1.1411184072494507,10104.4228515625,
938,3755,,,,10490.2666015625
938,3755,,1.1394577026367188,10104.962890625,
939,3759,,,,10495.8017578125
939,3759,,1.1377811431884766,10100.986328125,
940,3763,,,,10482.5341796875
940,3763,,1.1448661088943481,10099.978515625,
941,3767,,,,10478.400390625
941,3767,,1.1443198919296265,10098.6220703125,
942,3771,,,,10490.40625
942,3771,,1.1372348070144653,10099.4287109375,
943,3775,,,,10487.091796875
943,3775,,1.1410917043685913,10108.037109375,
944,3779,,,,10487.5498046875
944,3779,,1.143775224685669,10099.71484375,
945,3783,,,,10483.3818359375
945,3783,,1.1417820453643799,10100.0625,
946,3787,,,,10479.0439453125
946,3787,,1.1390048265457153,10097.12890625,
947,3791,,,,10493.30859375
947,3791,,1.133640170097351,10093.8564453125,
948,3795,,,,10483.435546875
948,3795,,1.1446466445922852,10101.8759765625,
949,3799,,,,10489.90234375
949,3799,,1.1420996189117432,10105.84765625,
950,3803,,,,10479.7978515625
950,3803,,1.1389374732971191,10100.23046875,
951,3807,,,,10489.0986328125
951,3807,,1.13840913772583,10099.41796875,
952,3811,,,,10485.744140625
952,3811,,1.1390594244003296,10101.2861328125,
953,3815,,,,10491.8017578125
953,3815,,1.1376827955245972,10095.490234375,
954,3819,,,,10495.208984375
954,3819,,1.1423519849777222,10101.8740234375,
955,3823,,,,10489.181640625
955,3823,,1.1283268928527832,10100.8681640625,
956,3827,,,,10489.587890625
956,3827,,1.139418363571167,10100.7724609375,
957,3831,,,,10500.25390625
957,3831,,1.132723331451416,10095.9228515625,
958,3835,,,,10494.25390625
958,3835,,1.141045331954956,10101.6875,
959,3839,,,,10493.6904296875
959,3839,,1.1319717168807983,10099.7578125,
960,3843,,,,10488.154296875
960,3843,,1.1410305500030518,10100.8564453125,
961,3847,,,,10495.744140625
961,3847,,1.1431225538253784,10096.2099609375,
962,3851,,,,10491.166015625
962,3851,,1.139466643333435,10097.140625,
963,3855,,,,10489.498046875
963,3855,,1.1316131353378296,10096.8095703125,
964,3859,,,,10487.03125
964,3859,,1.132075309753418,10094.115234375,
965,3863,,,,10487.15234375
965,3863,,1.142012357711792,10094.5771484375,
966,3867,,,,10489.396484375
966,3867,,1.1411046981811523,10094.2578125,
967,3871,,,,10487.90625
967,3871,,1.1418448686599731,10094.9931640625,
968,3875,,,,10484.7041015625
968,3875,,1.1434515714645386,10093.1103515625,
969,3879,,,,10489.578125
969,3879,,1.1411148309707642,10092.9033203125,
970,3883,,,,10482.3232421875
970,3883,,1.1399399042129517,10095.0771484375,
971,3887,,,,10484.4716796875
971,3887,,1.1317578554153442,10091.8330078125,
972,3891,,,,10485.685546875
972,3891,,1.144120216369629,10092.6162109375,
973,3895,,,,10491.091796875
973,3895,,1.1456539630889893,10092.8642578125,
974,3899,,,,10484.1982421875
974,3899,,1.145370364189148,10093.3427734375,
975,3903,,,,10485.99609375
975,3903,,1.1418609619140625,10092.6044921875,
976,3907,,,,10509.6298828125
976,3907,,1.1437628269195557,10093.087890625,
977,3911,,,,10483.916015625
977,3911,,1.173445463180542,10112.453125,
978,3915,,,,10484.982421875
978,3915,,1.145645022392273,10097.974609375,
979,3919,,,,10479.4912109375
979,3919,,1.1316529512405396,10093.052734375,
980,3923,,,,10484.8779296875
980,3923,,1.1440306901931763,10094.044921875,
981,3927,,,,10475.4033203125
981,3927,,1.1466071605682373,10092.720703125,
982,3931,,,,10478.1220703125
982,3931,,1.1452196836471558,10091.48828125,
983,3935,,,,10478.0751953125
983,3935,,1.1381319761276245,10090.8447265625,
984,3939,,,,10479.841796875
984,3939,,1.1398868560791016,10089.509765625,
985,3943,,,,10473.2509765625
985,3943,,1.137985348701477,10088.8779296875,
986,3947,,,,10473.3583984375
986,3947,,1.140305757522583,10089.2080078125,
987,3951,,,,10472.84375
987,3951,,1.1446911096572876,10087.8798828125,
988,3955,,,,10476.00390625
988,3955,,1.140807032585144,10087.326171875,
989,3959,,,,10475.8037109375
989,3959,,1.13739013671875,10086.486328125,
990,3963,,,,10492.744140625
990,3963,,1.1363625526428223,10095.431640625,
991,3967,,,,10480.56640625
991,3967,,1.143252968788147,10093.962890625,
992,3971,,,,10476.318359375
992,3971,,1.1370059251785278,10091.150390625,
993,3975,,,,10482.51953125
993,3975,,1.1425012350082397,10091.3447265625,
994,3979,,,,10479.35546875
994,3979,,1.139987587928772,10091.21875,
995,3983,,,,10480.5791015625
995,3983,,1.1333733797073364,10090.1640625,
996,3987,,,,10474.0
996,3987,,1.1417416334152222,10087.96484375,
997,3991,,,,10477.1376953125
997,3991,,1.1468617916107178,10086.0390625,
998,3995,,,,10478.931640625
998,3995,,1.1371119022369385,10087.587890625,
999,3999,,,,10475.7578125
999,3999,,1.1408261060714722,10090.60546875,
1000,4000,10520.673828125,,,
